Period,Window,Horizon,Rank,Model,R2,MAE
2008_Financial_Crisis,30,1,1,ARIMA,0.9893,0.0035
2008_Financial_Crisis,30,1,2,Bi-GRU,0.9882,0.0038
2008_Financial_Crisis,30,1,3,ARIMA,0.9873,0.0189
2008_Financial_Crisis,30,1,4,Bi-RNN,0.9865,0.004
2008_Financial_Crisis,30,1,5,Bi-GRU,0.9838,0.0223
2008_Financial_Crisis,30,1,6,Bi-RNN,0.9806,0.024
2008_Financial_Crisis,30,1,7,Mamba,0.9784,0.0048
2008_Financial_Crisis,30,1,8,Bi-LSTM,0.974,0.0268
2008_Financial_Crisis,30,1,9,Ensemble,0.9708,0.0308
2008_Financial_Crisis,30,1,10,Bi-LSTM,0.9672,0.0065
2008_Financial_Crisis,30,1,11,Mamba,0.9628,0.0309
2008_Financial_Crisis,30,1,12,Ensemble,0.9004,0.0109
2008_Financial_Crisis,30,1,13,SNN,0.8664,0.0701
2008_Financial_Crisis,30,1,14,PatchTST,0.7389,0.1022
2008_Financial_Crisis,30,1,15,SNN,0.3882,0.0267
2008_Financial_Crisis,30,1,16,PatchTST,0.2177,0.0318
2008_Financial_Crisis,30,5,1,ARIMA,0.9669,0.0065
2008_Financial_Crisis,30,5,2,ARIMA,0.9537,0.0376
2008_Financial_Crisis,30,5,3,Bi-RNN,0.9468,0.0084
2008_Financial_Crisis,30,5,4,Bi-LSTM,0.9457,0.0079
2008_Financial_Crisis,30,5,5,Bi-GRU,0.943,0.0085
2008_Financial_Crisis,30,5,6,Bi-GRU,0.9349,0.0471
2008_Financial_Crisis,30,5,7,Ensemble,0.9269,0.0477
2008_Financial_Crisis,30,5,8,Bi-LSTM,0.9194,0.0498
2008_Financial_Crisis,30,5,9,Mamba,0.9189,0.0497
2008_Financial_Crisis,30,5,10,Ensemble,0.9135,0.0106
2008_Financial_Crisis,30,5,11,SNN,0.8991,0.011
2008_Financial_Crisis,30,5,12,Mamba,0.8932,0.0102
2008_Financial_Crisis,30,5,13,Bi-RNN,0.8891,0.0602
2008_Financial_Crisis,30,5,14,PatchTST,0.8779,0.0646
2008_Financial_Crisis,30,5,15,SNN,0.8638,0.0636
2008_Financial_Crisis,30,5,16,PatchTST,0.6089,0.0235
2008_Financial_Crisis,30,10,1,ARIMA,0.9382,0.0086
2008_Financial_Crisis,30,10,2,ARIMA,0.9197,0.0512
2008_Financial_Crisis,30,10,3,Bi-RNN,0.9192,0.0505
2008_Financial_Crisis,30,10,4,Bi-GRU,0.9128,0.0549
2008_Financial_Crisis,30,10,5,Bi-GRU,0.9068,0.0103
2008_Financial_Crisis,30,10,6,Bi-LSTM,0.9025,0.011
2008_Financial_Crisis,30,10,7,Ensemble,0.8983,0.0556
2008_Financial_Crisis,30,10,8,Bi-LSTM,0.8859,0.0587
2008_Financial_Crisis,30,10,9,Mamba,0.8859,0.0111
2008_Financial_Crisis,30,10,10,Bi-RNN,0.8656,0.0133
2008_Financial_Crisis,30,10,11,Mamba,0.8534,0.0665
2008_Financial_Crisis,30,10,12,SNN,0.8345,0.0141
2008_Financial_Crisis,30,10,13,Ensemble,0.7982,0.0161
2008_Financial_Crisis,30,10,14,SNN,0.7823,0.082
2008_Financial_Crisis,30,10,15,PatchTST,0.7242,0.0997
2008_Financial_Crisis,30,10,16,PatchTST,-0.4109,0.043
2008_Financial_Crisis,60,1,1,ARIMA,0.9901,0.0034
2008_Financial_Crisis,60,1,2,ARIMA,0.9873,0.0191
2008_Financial_Crisis,60,1,3,Mamba,0.9865,0.0041
2008_Financial_Crisis,60,1,4,Bi-GRU,0.9859,0.0041
2008_Financial_Crisis,60,1,5,Bi-RNN,0.983,0.0046
2008_Financial_Crisis,60,1,6,Bi-RNN,0.9828,0.0232
2008_Financial_Crisis,60,1,7,Bi-GRU,0.9817,0.0239
2008_Financial_Crisis,60,1,8,Bi-LSTM,0.9751,0.0056
2008_Financial_Crisis,60,1,9,Mamba,0.9729,0.028
2008_Financial_Crisis,60,1,10,Bi-LSTM,0.9674,0.0303
2008_Financial_Crisis,60,1,11,Ensemble,0.9624,0.0334
2008_Financial_Crisis,60,1,12,Ensemble,0.9347,0.0089
2008_Financial_Crisis,60,1,13,SNN,0.8543,0.0133
2008_Financial_Crisis,60,1,14,PatchTST,0.8135,0.0843
2008_Financial_Crisis,60,1,15,SNN,0.7745,0.081
2008_Financial_Crisis,60,1,16,PatchTST,0.0846,0.033
2008_Financial_Crisis,60,5,1,ARIMA,0.9673,0.0064
2008_Financial_Crisis,60,5,2,ARIMA,0.956,0.0373
2008_Financial_Crisis,60,5,3,Bi-RNN,0.9502,0.008
2008_Financial_Crisis,60,5,4,Bi-RNN,0.9461,0.0405
2008_Financial_Crisis,60,5,5,Bi-LSTM,0.9456,0.0083
2008_Financial_Crisis,60,5,6,Mamba,0.9427,0.008
2008_Financial_Crisis,60,5,7,Bi-GRU,0.9337,0.0092
2008_Financial_Crisis,60,5,8,Bi-GRU,0.9325,0.0481
2008_Financial_Crisis,60,5,9,Mamba,0.9237,0.0478
2008_Financial_Crisis,60,5,10,Ensemble,0.9044,0.0553
2008_Financial_Crisis,60,5,11,Ensemble,0.7941,0.0172
2008_Financial_Crisis,60,5,12,Bi-LSTM,0.7814,0.0904
2008_Financial_Crisis,60,5,13,SNN,0.7492,0.088
2008_Financial_Crisis,60,5,14,SNN,0.744,0.018
2008_Financial_Crisis,60,5,15,PatchTST,0.7421,0.0982
2008_Financial_Crisis,60,5,16,PatchTST,-1.5284,0.0611
2008_Financial_Crisis,60,10,1,ARIMA,0.9391,0.0085
2008_Financial_Crisis,60,10,2,ARIMA,0.9183,0.0522
2008_Financial_Crisis,60,10,3,Bi-RNN,0.9145,0.0108
2008_Financial_Crisis,60,10,4,Bi-RNN,0.9001,0.059
2008_Financial_Crisis,60,10,5,Bi-LSTM,0.8937,0.0578
2008_Financial_Crisis,60,10,6,Mamba,0.8785,0.012
2008_Financial_Crisis,60,10,7,Bi-GRU,0.8733,0.0122
2008_Financial_Crisis,60,10,8,Ensemble,0.8617,0.0678
2008_Financial_Crisis,60,10,9,Bi-GRU,0.8596,0.0709
2008_Financial_Crisis,60,10,10,Bi-LSTM,0.8544,0.0128
2008_Financial_Crisis,60,10,11,Mamba,0.8387,0.0727
2008_Financial_Crisis,60,10,12,Ensemble,0.8238,0.0144
2008_Financial_Crisis,60,10,13,SNN,0.6709,0.1027
2008_Financial_Crisis,60,10,14,PatchTST,0.6494,0.1156
2008_Financial_Crisis,60,10,15,PatchTST,0.634,0.0216
2008_Financial_Crisis,60,10,16,SNN,0.1063,0.0326
2008_Financial_Crisis,90,1,1,ARIMA,0.9906,0.0033
2008_Financial_Crisis,90,1,2,ARIMA,0.9891,0.0182
2008_Financial_Crisis,90,1,3,Bi-GRU,0.9873,0.0039
2008_Financial_Crisis,90,1,4,Bi-RNN,0.9842,0.0222
2008_Financial_Crisis,90,1,5,Mamba,0.9826,0.0046
2008_Financial_Crisis,90,1,6,Bi-GRU,0.9805,0.0248
2008_Financial_Crisis,90,1,7,Bi-LSTM,0.98,0.0052
2008_Financial_Crisis,90,1,8,Bi-RNN,0.9785,0.0056
2008_Financial_Crisis,90,1,9,Mamba,0.9701,0.0291
2008_Financial_Crisis,90,1,10,Bi-LSTM,0.9658,0.0309
2008_Financial_Crisis,90,1,11,Ensemble,0.9511,0.0395
2008_Financial_Crisis,90,1,12,Ensemble,0.8089,0.0159
2008_Financial_Crisis,90,1,13,PatchTST,0.7364,0.0961
2008_Financial_Crisis,90,1,14,SNN,0.7219,0.0982
2008_Financial_Crisis,90,1,15,PatchTST,-0.2849,0.0431
2008_Financial_Crisis,90,1,16,SNN,-0.835,0.0446
2008_Financial_Crisis,90,5,1,ARIMA,0.968,0.0064
2008_Financial_Crisis,90,5,2,Bi-GRU,0.9591,0.007
2008_Financial_Crisis,90,5,3,Mamba,0.9579,0.0072
2008_Financial_Crisis,90,5,4,ARIMA,0.9568,0.0367
2008_Financial_Crisis,90,5,5,Bi-LSTM,0.946,0.0085
2008_Financial_Crisis,90,5,6,Bi-RNN,0.945,0.0082
2008_Financial_Crisis,90,5,7,Bi-RNN,0.9394,0.0439
2008_Financial_Crisis,90,5,8,Bi-LSTM,0.9047,0.0562
2008_Financial_Crisis,90,5,9,Bi-GRU,0.8841,0.0629
2008_Financial_Crisis,90,5,10,Ensemble,0.8566,0.014
2008_Financial_Crisis,90,5,11,Ensemble,0.835,0.0777
2008_Financial_Crisis,90,5,12,Mamba,0.7755,0.0925
2008_Financial_Crisis,90,5,13,SNN,0.7221,0.0191
2008_Financial_Crisis,90,5,14,SNN,0.6323,0.1175
2008_Financial_Crisis,90,5,15,PatchTST,0.5913,0.129
2008_Financial_Crisis,90,5,16,PatchTST,-0.3405,0.0421
2008_Financial_Crisis,90,10,1,ARIMA,0.9396,0.0085
2008_Financial_Crisis,90,10,2,ARIMA,0.9197,0.052
2008_Financial_Crisis,90,10,3,Mamba,0.9196,0.0097
2008_Financial_Crisis,90,10,4,Bi-LSTM,0.9088,0.0105
2008_Financial_Crisis,90,10,5,Bi-GRU,0.9007,0.0106
2008_Financial_Crisis,90,10,6,Bi-LSTM,0.8965,0.0567
2008_Financial_Crisis,90,10,7,Bi-GRU,0.8881,0.0631
2008_Financial_Crisis,90,10,8,Bi-RNN,0.8786,0.0129
2008_Financial_Crisis,90,10,9,Ensemble,0.8248,0.0146
2008_Financial_Crisis,90,10,10,Mamba,0.8073,0.0773
2008_Financial_Crisis,90,10,11,Ensemble,0.7562,0.0955
2008_Financial_Crisis,90,10,12,Bi-RNN,0.6539,0.1172
2008_Financial_Crisis,90,10,13,PatchTST,0.4328,0.0254
2008_Financial_Crisis,90,10,14,PatchTST,0.3736,0.1602
2008_Financial_Crisis,90,10,15,SNN,0.255,0.1761
2008_Financial_Crisis,90,10,16,SNN,0.2021,0.0325
2008_Financial_Crisis,120,1,1,ARIMA,0.9904,0.0034
2008_Financial_Crisis,120,1,2,ARIMA,0.9891,0.0183
2008_Financial_Crisis,120,1,3,Bi-GRU,0.984,0.0045
2008_Financial_Crisis,120,1,4,Bi-RNN,0.9829,0.0231
2008_Financial_Crisis,120,1,5,Bi-RNN,0.9783,0.0054
2008_Financial_Crisis,120,1,6,Bi-GRU,0.9783,0.0264
2008_Financial_Crisis,120,1,7,Mamba,0.9763,0.0052
2008_Financial_Crisis,120,1,8,Bi-LSTM,0.9657,0.031
2008_Financial_Crisis,120,1,9,Bi-LSTM,0.9644,0.0074
2008_Financial_Crisis,120,1,10,Ensemble,0.9406,0.0453
2008_Financial_Crisis,120,1,11,Mamba,0.9345,0.043
2008_Financial_Crisis,120,1,12,Ensemble,0.9342,0.01
2008_Financial_Crisis,120,1,13,SNN,0.8631,0.0135
2008_Financial_Crisis,120,1,14,SNN,0.7517,0.0918
2008_Financial_Crisis,120,1,15,PatchTST,0.4038,0.0315
2008_Financial_Crisis,120,1,16,PatchTST,0.3423,0.1667
2008_Financial_Crisis,120,5,1,ARIMA,0.9676,0.0064
2008_Financial_Crisis,120,5,2,ARIMA,0.957,0.0368
2008_Financial_Crisis,120,5,3,Bi-LSTM,0.9547,0.0079
2008_Financial_Crisis,120,5,4,Bi-RNN,0.953,0.0391
2008_Financial_Crisis,120,5,5,Bi-GRU,0.9506,0.0077
2008_Financial_Crisis,120,5,6,Mamba,0.942,0.0421
2008_Financial_Crisis,120,5,7,Mamba,0.9362,0.0092
2008_Financial_Crisis,120,5,8,Bi-LSTM,0.9191,0.0497
2008_Financial_Crisis,120,5,9,Bi-RNN,0.9106,0.0109
2008_Financial_Crisis,120,5,10,Bi-GRU,0.8896,0.061
2008_Financial_Crisis,120,5,11,Ensemble,0.857,0.0689
2008_Financial_Crisis,120,5,12,Ensemble,0.796,0.0174
2008_Financial_Crisis,120,5,13,SNN,0.716,0.0185
2008_Financial_Crisis,120,5,14,SNN,0.6938,0.1033
2008_Financial_Crisis,120,5,15,PatchTST,-0.0197,0.1964
2008_Financial_Crisis,120,5,16,PatchTST,-1.2898,0.061
2008_Financial_Crisis,120,10,1,ARIMA,0.9395,0.0085
2008_Financial_Crisis,120,10,2,Bi-RNN,0.9198,0.0498
2008_Financial_Crisis,120,10,3,ARIMA,0.919,0.0519
2008_Financial_Crisis,120,10,4,Bi-LSTM,0.9051,0.0542
2008_Financial_Crisis,120,10,5,Mamba,0.904,0.0105
2008_Financial_Crisis,120,10,6,Bi-GRU,0.9028,0.0104
2008_Financial_Crisis,120,10,7,Bi-LSTM,0.8988,0.0107
2008_Financial_Crisis,120,10,8,Bi-RNN,0.8979,0.0112
2008_Financial_Crisis,120,10,9,Ensemble,0.8507,0.0134
2008_Financial_Crisis,120,10,10,Ensemble,0.7953,0.0828
2008_Financial_Crisis,120,10,11,Bi-GRU,0.7532,0.097
2008_Financial_Crisis,120,10,12,SNN,0.7134,0.0969
2008_Financial_Crisis,120,10,13,Mamba,0.6731,0.1023
2008_Financial_Crisis,120,10,14,SNN,0.6159,0.0215
2008_Financial_Crisis,120,10,15,PatchTST,0.5968,0.0221
2008_Financial_Crisis,120,10,16,PatchTST,0.2145,0.1787
2008_Financial_Crisis,252,1,1,ARIMA,0.9907,0.0033
2008_Financial_Crisis,252,1,2,ARIMA,0.9892,0.018
2008_Financial_Crisis,252,1,3,Bi-GRU,0.9865,0.0041
2008_Financial_Crisis,252,1,4,Bi-RNN,0.9826,0.0235
2008_Financial_Crisis,252,1,5,Mamba,0.9811,0.0239
2008_Financial_Crisis,252,1,6,Bi-GRU,0.9803,0.0246
2008_Financial_Crisis,252,1,7,Bi-LSTM,0.9785,0.0054
2008_Financial_Crisis,252,1,8,Mamba,0.9644,0.0065
2008_Financial_Crisis,252,1,9,Ensemble,0.9608,0.0348
2008_Financial_Crisis,252,1,10,Bi-LSTM,0.9028,0.0564
2008_Financial_Crisis,252,1,11,Ensemble,0.8127,0.0154
2008_Financial_Crisis,252,1,12,SNN,0.8064,0.0154
2008_Financial_Crisis,252,1,13,SNN,0.5704,0.1203
2008_Financial_Crisis,252,1,14,PatchTST,0.5316,0.1248
2008_Financial_Crisis,252,1,15,PatchTST,0.4589,0.027
2008_Financial_Crisis,252,1,16,Bi-RNN,-0.6575,0.0449
2008_Financial_Crisis,252,5,1,ARIMA,0.9684,0.0063
2008_Financial_Crisis,252,5,2,ARIMA,0.9577,0.0365
2008_Financial_Crisis,252,5,3,Bi-GRU,0.9551,0.0076
2008_Financial_Crisis,252,5,4,Bi-LSTM,0.9527,0.0076
2008_Financial_Crisis,252,5,5,Bi-RNN,0.9474,0.0403
2008_Financial_Crisis,252,5,6,Mamba,0.9363,0.009
2008_Financial_Crisis,252,5,7,Bi-GRU,0.9343,0.0474
2008_Financial_Crisis,252,5,8,Mamba,0.9297,0.0447
2008_Financial_Crisis,252,5,9,Bi-RNN,0.9241,0.0102
2008_Financial_Crisis,252,5,10,Ensemble,0.8958,0.0571
2008_Financial_Crisis,252,5,11,Bi-LSTM,0.866,0.0639
2008_Financial_Crisis,252,5,12,Ensemble,0.831,0.0149
2008_Financial_Crisis,252,5,13,SNN,0.7119,0.0183
2008_Financial_Crisis,252,5,14,SNN,0.4076,0.1407
2008_Financial_Crisis,252,5,15,PatchTST,0.1904,0.1832
2008_Financial_Crisis,252,5,16,PatchTST,-0.8694,0.0463
2008_Financial_Crisis,252,10,1,ARIMA,0.9404,0.0084
2008_Financial_Crisis,252,10,2,Bi-LSTM,0.9385,0.0088
2008_Financial_Crisis,252,10,3,Mamba,0.9213,0.0098
2008_Financial_Crisis,252,10,4,ARIMA,0.9202,0.0516
2008_Financial_Crisis,252,10,5,Bi-RNN,0.9015,0.0592
2008_Financial_Crisis,252,10,6,Bi-GRU,0.9,0.0106
2008_Financial_Crisis,252,10,7,Bi-LSTM,0.8832,0.0593
2008_Financial_Crisis,252,10,8,Ensemble,0.8738,0.0633
2008_Financial_Crisis,252,10,9,Mamba,0.8714,0.061
2008_Financial_Crisis,252,10,10,Bi-GRU,0.8648,0.0691
2008_Financial_Crisis,252,10,11,SNN,0.7288,0.0177
2008_Financial_Crisis,252,10,12,Ensemble,0.7259,0.0179
2008_Financial_Crisis,252,10,13,PatchTST,0.3716,0.1522
2008_Financial_Crisis,252,10,14,SNN,0.3498,0.1482
2008_Financial_Crisis,252,10,15,PatchTST,-0.1663,0.0384
2008_Financial_Crisis,252,10,16,Bi-RNN,-0.6174,0.043
2010_Euro_Debt_Crisis,30,1,1,ARIMA,0.974,0.0093
2010_Euro_Debt_Crisis,30,1,2,Mamba,0.9739,0.0093
2010_Euro_Debt_Crisis,30,1,3,ARIMA,0.9736,0.0021
2010_Euro_Debt_Crisis,30,1,4,Bi-RNN,0.973,0.0095
2010_Euro_Debt_Crisis,30,1,5,Bi-RNN,0.9724,0.0021
2010_Euro_Debt_Crisis,30,1,6,Bi-GRU,0.9704,0.0098
2010_Euro_Debt_Crisis,30,1,7,Bi-GRU,0.9702,0.0023
2010_Euro_Debt_Crisis,30,1,8,Bi-LSTM,0.9682,0.0105
2010_Euro_Debt_Crisis,30,1,9,Mamba,0.9669,0.0024
2010_Euro_Debt_Crisis,30,1,10,Ensemble,0.9583,0.012
2010_Euro_Debt_Crisis,30,1,11,Bi-LSTM,0.9545,0.0031
2010_Euro_Debt_Crisis,30,1,12,Ensemble,0.9332,0.0037
2010_Euro_Debt_Crisis,30,1,13,SNN,0.9202,0.0038
2010_Euro_Debt_Crisis,30,1,14,PatchTST,0.8603,0.0223
2010_Euro_Debt_Crisis,30,1,15,SNN,0.834,0.0251
2010_Euro_Debt_Crisis,30,1,16,PatchTST,-0.0361,0.015
2010_Euro_Debt_Crisis,30,5,1,Bi-LSTM,0.8975,0.0043
2010_Euro_Debt_Crisis,30,5,2,Bi-GRU,0.8963,0.0044
2010_Euro_Debt_Crisis,30,5,3,ARIMA,0.8822,0.0046
2010_Euro_Debt_Crisis,30,5,4,Mamba,0.876,0.0208
2010_Euro_Debt_Crisis,30,5,5,Bi-GRU,0.8749,0.021
2010_Euro_Debt_Crisis,30,5,6,Bi-RNN,0.8736,0.0211
2010_Euro_Debt_Crisis,30,5,7,Bi-LSTM,0.872,0.0213
2010_Euro_Debt_Crisis,30,5,8,Bi-RNN,0.8718,0.0051
2010_Euro_Debt_Crisis,30,5,9,Mamba,0.8699,0.0049
2010_Euro_Debt_Crisis,30,5,10,Ensemble,0.8657,0.022
2010_Euro_Debt_Crisis,30,5,11,ARIMA,0.8599,0.0209
2010_Euro_Debt_Crisis,30,5,12,SNN,0.8595,0.005
2010_Euro_Debt_Crisis,30,5,13,Ensemble,0.8279,0.0062
2010_Euro_Debt_Crisis,30,5,14,SNN,0.7352,0.0319
2010_Euro_Debt_Crisis,30,5,15,PatchTST,0.5973,0.0383
2010_Euro_Debt_Crisis,30,5,16,PatchTST,-1.6194,0.0255
2010_Euro_Debt_Crisis,30,10,1,Bi-GRU,0.8322,0.0055
2010_Euro_Debt_Crisis,30,10,2,Bi-RNN,0.8263,0.0058
2010_Euro_Debt_Crisis,30,10,3,ARIMA,0.8169,0.0059
2010_Euro_Debt_Crisis,30,10,4,Mamba,0.7995,0.006
2010_Euro_Debt_Crisis,30,10,5,Ensemble,0.7944,0.0066
2010_Euro_Debt_Crisis,30,10,6,Bi-RNN,0.7681,0.0289
2010_Euro_Debt_Crisis,30,10,7,Ensemble,0.7633,0.0294
2010_Euro_Debt_Crisis,30,10,8,Mamba,0.7617,0.029
2010_Euro_Debt_Crisis,30,10,9,Bi-GRU,0.7524,0.0298
2010_Euro_Debt_Crisis,30,10,10,SNN,0.7523,0.0068
2010_Euro_Debt_Crisis,30,10,11,Bi-LSTM,0.7475,0.0072
2010_Euro_Debt_Crisis,30,10,12,Bi-LSTM,0.7462,0.0306
2010_Euro_Debt_Crisis,30,10,13,ARIMA,0.7223,0.03
2010_Euro_Debt_Crisis,30,10,14,PatchTST,0.6742,0.0349
2010_Euro_Debt_Crisis,30,10,15,SNN,0.6699,0.0364
2010_Euro_Debt_Crisis,30,10,16,PatchTST,-0.606,0.0197
2010_Euro_Debt_Crisis,60,1,1,ARIMA,0.9757,0.0089
2010_Euro_Debt_Crisis,60,1,2,Bi-RNN,0.9747,0.009
2010_Euro_Debt_Crisis,60,1,3,Bi-GRU,0.9744,0.0092
2010_Euro_Debt_Crisis,60,1,4,ARIMA,0.9743,0.002
2010_Euro_Debt_Crisis,60,1,5,Bi-LSTM,0.9742,0.0021
2010_Euro_Debt_Crisis,60,1,6,Bi-LSTM,0.972,0.0096
2010_Euro_Debt_Crisis,60,1,7,Mamba,0.9674,0.0106
2010_Euro_Debt_Crisis,60,1,8,Bi-GRU,0.9673,0.0025
2010_Euro_Debt_Crisis,60,1,9,Mamba,0.9668,0.0024
2010_Euro_Debt_Crisis,60,1,10,Ensemble,0.9579,0.0123
2010_Euro_Debt_Crisis,60,1,11,Bi-RNN,0.9418,0.0035
2010_Euro_Debt_Crisis,60,1,12,Ensemble,0.8959,0.0048
2010_Euro_Debt_Crisis,60,1,13,PatchTST,0.8831,0.0204
2010_Euro_Debt_Crisis,60,1,14,SNN,0.8472,0.0054
2010_Euro_Debt_Crisis,60,1,15,SNN,0.7097,0.0337
2010_Euro_Debt_Crisis,60,1,16,PatchTST,-0.9066,0.0217
2010_Euro_Debt_Crisis,60,5,1,Bi-RNN,0.8854,0.0047
2010_Euro_Debt_Crisis,60,5,2,ARIMA,0.881,0.0046
2010_Euro_Debt_Crisis,60,5,3,Mamba,0.8778,0.005
2010_Euro_Debt_Crisis,60,5,4,Bi-GRU,0.8774,0.0207
2010_Euro_Debt_Crisis,60,5,5,ARIMA,0.8761,0.0207
2010_Euro_Debt_Crisis,60,5,6,Bi-LSTM,0.8738,0.005
2010_Euro_Debt_Crisis,60,5,7,Bi-RNN,0.8737,0.0209
2010_Euro_Debt_Crisis,60,5,8,Ensemble,0.8721,0.0214
2010_Euro_Debt_Crisis,60,5,9,Mamba,0.8691,0.0217
2010_Euro_Debt_Crisis,60,5,10,Bi-LSTM,0.8655,0.022
2010_Euro_Debt_Crisis,60,5,11,Bi-GRU,0.826,0.0057
2010_Euro_Debt_Crisis,60,5,12,Ensemble,0.8153,0.0063
2010_Euro_Debt_Crisis,60,5,13,PatchTST,0.7981,0.0273
2010_Euro_Debt_Crisis,60,5,14,SNN,0.7414,0.007
2010_Euro_Debt_Crisis,60,5,15,SNN,0.7187,0.0326
2010_Euro_Debt_Crisis,60,5,16,PatchTST,-0.5849,0.0197
2010_Euro_Debt_Crisis,60,10,1,Bi-RNN,0.8295,0.0056
2010_Euro_Debt_Crisis,60,10,2,Mamba,0.8187,0.0058
2010_Euro_Debt_Crisis,60,10,3,Bi-GRU,0.8179,0.0059
2010_Euro_Debt_Crisis,60,10,4,ARIMA,0.8094,0.006
2010_Euro_Debt_Crisis,60,10,5,Bi-LSTM,0.8056,0.0061
2010_Euro_Debt_Crisis,60,10,6,Ensemble,0.7795,0.0068
2010_Euro_Debt_Crisis,60,10,7,Ensemble,0.7788,0.028
2010_Euro_Debt_Crisis,60,10,8,Bi-RNN,0.766,0.0287
2010_Euro_Debt_Crisis,60,10,9,ARIMA,0.758,0.0294
2010_Euro_Debt_Crisis,60,10,10,Bi-GRU,0.7452,0.0296
2010_Euro_Debt_Crisis,60,10,11,Mamba,0.7422,0.0304
2010_Euro_Debt_Crisis,60,10,12,Bi-LSTM,0.7186,0.0317
2010_Euro_Debt_Crisis,60,10,13,SNN,0.7011,0.0077
2010_Euro_Debt_Crisis,60,10,14,PatchTST,0.6848,0.0331
2010_Euro_Debt_Crisis,60,10,15,SNN,0.6214,0.0384
2010_Euro_Debt_Crisis,60,10,16,PatchTST,-0.568,0.0197
2010_Euro_Debt_Crisis,90,1,1,ARIMA,0.9754,0.0089
2010_Euro_Debt_Crisis,90,1,2,ARIMA,0.9745,0.002
2010_Euro_Debt_Crisis,90,1,3,Bi-GRU,0.9737,0.0093
2010_Euro_Debt_Crisis,90,1,4,Bi-RNN,0.9734,0.0094
2010_Euro_Debt_Crisis,90,1,5,Bi-GRU,0.9727,0.0022
2010_Euro_Debt_Crisis,90,1,6,Mamba,0.9726,0.0094
2010_Euro_Debt_Crisis,90,1,7,Bi-RNN,0.9713,0.0022
2010_Euro_Debt_Crisis,90,1,8,Bi-LSTM,0.9707,0.01
2010_Euro_Debt_Crisis,90,1,9,Mamba,0.9686,0.0023
2010_Euro_Debt_Crisis,90,1,10,Bi-LSTM,0.9654,0.0025
2010_Euro_Debt_Crisis,90,1,11,Ensemble,0.9531,0.0126
2010_Euro_Debt_Crisis,90,1,12,Ensemble,0.9149,0.0041
2010_Euro_Debt_Crisis,90,1,13,PatchTST,0.8142,0.0257
2010_Euro_Debt_Crisis,90,1,14,SNN,0.755,0.007
2010_Euro_Debt_Crisis,90,1,15,SNN,0.7285,0.0302
2010_Euro_Debt_Crisis,90,1,16,PatchTST,0.0957,0.0136
2010_Euro_Debt_Crisis,90,5,1,Bi-LSTM,0.8896,0.0046
2010_Euro_Debt_Crisis,90,5,2,Bi-RNN,0.8885,0.0046
2010_Euro_Debt_Crisis,90,5,3,ARIMA,0.8836,0.0045
2010_Euro_Debt_Crisis,90,5,4,Bi-RNN,0.8767,0.0206
2010_Euro_Debt_Crisis,90,5,5,Mamba,0.8762,0.0208
2010_Euro_Debt_Crisis,90,5,6,ARIMA,0.8761,0.0207
2010_Euro_Debt_Crisis,90,5,7,Bi-GRU,0.876,0.0208
2010_Euro_Debt_Crisis,90,5,8,Bi-GRU,0.8671,0.0049
2010_Euro_Debt_Crisis,90,5,9,Bi-LSTM,0.8654,0.0219
2010_Euro_Debt_Crisis,90,5,10,Ensemble,0.8635,0.0222
2010_Euro_Debt_Crisis,90,5,11,Mamba,0.8428,0.0054
2010_Euro_Debt_Crisis,90,5,12,PatchTST,0.7555,0.0293
2010_Euro_Debt_Crisis,90,5,13,Ensemble,0.7209,0.008
2010_Euro_Debt_Crisis,90,5,14,SNN,0.706,0.0077
2010_Euro_Debt_Crisis,90,5,15,SNN,0.6257,0.036
2010_Euro_Debt_Crisis,90,5,16,PatchTST,-3.7933,0.0346
2010_Euro_Debt_Crisis,90,10,1,Bi-GRU,0.8328,0.0057
2010_Euro_Debt_Crisis,90,10,2,Bi-RNN,0.8285,0.0057
2010_Euro_Debt_Crisis,90,10,3,ARIMA,0.8096,0.006
2010_Euro_Debt_Crisis,90,10,4,Mamba,0.8015,0.0058
2010_Euro_Debt_Crisis,90,10,5,Ensemble,0.7942,0.0064
2010_Euro_Debt_Crisis,90,10,6,Bi-LSTM,0.7919,0.006
2010_Euro_Debt_Crisis,90,10,7,Ensemble,0.7721,0.0283
2010_Euro_Debt_Crisis,90,10,8,Bi-RNN,0.7652,0.0287
2010_Euro_Debt_Crisis,90,10,9,Bi-GRU,0.7651,0.0291
2010_Euro_Debt_Crisis,90,10,10,Mamba,0.7622,0.0298
2010_Euro_Debt_Crisis,90,10,11,ARIMA,0.7585,0.0296
2010_Euro_Debt_Crisis,90,10,12,Bi-LSTM,0.7398,0.0309
2010_Euro_Debt_Crisis,90,10,13,SNN,0.5285,0.041
2010_Euro_Debt_Crisis,90,10,14,SNN,0.5205,0.0102
2010_Euro_Debt_Crisis,90,10,15,PatchTST,0.4364,0.0454
2010_Euro_Debt_Crisis,90,10,16,PatchTST,0.3807,0.0115
2010_Euro_Debt_Crisis,120,1,1,ARIMA,0.9759,0.0088
2010_Euro_Debt_Crisis,120,1,2,ARIMA,0.9747,0.002
2010_Euro_Debt_Crisis,120,1,3,Mamba,0.9733,0.0092
2010_Euro_Debt_Crisis,120,1,4,Bi-GRU,0.9727,0.0094
2010_Euro_Debt_Crisis,120,1,5,Bi-LSTM,0.9712,0.0098
2010_Euro_Debt_Crisis,120,1,6,Bi-RNN,0.9695,0.01
2010_Euro_Debt_Crisis,120,1,7,Mamba,0.9669,0.0024
2010_Euro_Debt_Crisis,120,1,8,Bi-RNN,0.9656,0.0025
2010_Euro_Debt_Crisis,120,1,9,Bi-LSTM,0.9603,0.0028
2010_Euro_Debt_Crisis,120,1,10,Ensemble,0.9515,0.0127
2010_Euro_Debt_Crisis,120,1,11,Bi-GRU,0.9448,0.0032
2010_Euro_Debt_Crisis,120,1,12,Ensemble,0.8688,0.0054
2010_Euro_Debt_Crisis,120,1,13,PatchTST,0.8324,0.0245
2010_Euro_Debt_Crisis,120,1,14,PatchTST,0.6163,0.0087
2010_Euro_Debt_Crisis,120,1,15,SNN,0.5865,0.0374
2010_Euro_Debt_Crisis,120,1,16,SNN,-0.6001,0.0187
2010_Euro_Debt_Crisis,120,5,1,Mamba,0.8829,0.0047
2010_Euro_Debt_Crisis,120,5,2,ARIMA,0.8826,0.0046
2010_Euro_Debt_Crisis,120,5,3,ARIMA,0.8803,0.0204
2010_Euro_Debt_Crisis,120,5,4,Bi-RNN,0.8772,0.0205
2010_Euro_Debt_Crisis,120,5,5,Bi-GRU,0.8762,0.0207
2010_Euro_Debt_Crisis,120,5,6,Bi-GRU,0.8759,0.005
2010_Euro_Debt_Crisis,120,5,7,Mamba,0.8747,0.0211
2010_Euro_Debt_Crisis,120,5,8,Bi-LSTM,0.8659,0.0219
2010_Euro_Debt_Crisis,120,5,9,Bi-LSTM,0.8653,0.0052
2010_Euro_Debt_Crisis,120,5,10,Ensemble,0.8559,0.0226
2010_Euro_Debt_Crisis,120,5,11,Bi-RNN,0.8277,0.0058
2010_Euro_Debt_Crisis,120,5,12,Ensemble,0.7643,0.0068
2010_Euro_Debt_Crisis,120,5,13,PatchTST,0.7217,0.0325
2010_Euro_Debt_Crisis,120,5,14,SNN,0.6564,0.0087
2010_Euro_Debt_Crisis,120,5,15,SNN,0.3301,0.0479
2010_Euro_Debt_Crisis,120,5,16,PatchTST,-1.2627,0.0211
2010_Euro_Debt_Crisis,120,10,1,Bi-RNN,0.8337,0.0055
2010_Euro_Debt_Crisis,120,10,2,Mamba,0.8185,0.0059
2010_Euro_Debt_Crisis,120,10,3,ARIMA,0.8078,0.0061
2010_Euro_Debt_Crisis,120,10,4,Bi-GRU,0.8029,0.0062
2010_Euro_Debt_Crisis,120,10,5,Bi-LSTM,0.7983,0.0061
2010_Euro_Debt_Crisis,120,10,6,ARIMA,0.7639,0.0294
2010_Euro_Debt_Crisis,120,10,7,Bi-RNN,0.7629,0.0289
2010_Euro_Debt_Crisis,120,10,8,Bi-GRU,0.7626,0.0294
2010_Euro_Debt_Crisis,120,10,9,Mamba,0.7504,0.0293
2010_Euro_Debt_Crisis,120,10,10,Ensemble,0.7409,0.0299
2010_Euro_Debt_Crisis,120,10,11,Ensemble,0.7189,0.0077
2010_Euro_Debt_Crisis,120,10,12,Bi-LSTM,0.7143,0.0324
2010_Euro_Debt_Crisis,120,10,13,SNN,0.583,0.0096
2010_Euro_Debt_Crisis,120,10,14,PatchTST,0.3579,0.0476
2010_Euro_Debt_Crisis,120,10,15,SNN,0.2263,0.0511
2010_Euro_Debt_Crisis,120,10,16,PatchTST,-1.9761,0.0247
2010_Euro_Debt_Crisis,252,1,1,ARIMA,0.977,0.0086
2010_Euro_Debt_Crisis,252,1,2,ARIMA,0.975,0.002
2010_Euro_Debt_Crisis,252,1,3,Bi-RNN,0.9726,0.0094
2010_Euro_Debt_Crisis,252,1,4,Mamba,0.9717,0.0095
2010_Euro_Debt_Crisis,252,1,5,Bi-GRU,0.9698,0.01
2010_Euro_Debt_Crisis,252,1,6,Bi-LSTM,0.9686,0.0103
2010_Euro_Debt_Crisis,252,1,7,Bi-GRU,0.9643,0.0027
2010_Euro_Debt_Crisis,252,1,8,Bi-LSTM,0.9622,0.0027
2010_Euro_Debt_Crisis,252,1,9,Mamba,0.9315,0.0035
2010_Euro_Debt_Crisis,252,1,10,Bi-RNN,0.9283,0.0037
2010_Euro_Debt_Crisis,252,1,11,Ensemble,0.883,0.0185
2010_Euro_Debt_Crisis,252,1,12,Ensemble,0.6592,0.0083
2010_Euro_Debt_Crisis,252,1,13,SNN,0.1742,0.0519
2010_Euro_Debt_Crisis,252,1,14,PatchTST,-0.0725,0.0626
2010_Euro_Debt_Crisis,252,1,15,SNN,-1.2682,0.0224
2010_Euro_Debt_Crisis,252,1,16,PatchTST,-2.3158,0.0254
2010_Euro_Debt_Crisis,252,5,1,ARIMA,0.8858,0.0045
2010_Euro_Debt_Crisis,252,5,2,ARIMA,0.882,0.0203
2010_Euro_Debt_Crisis,252,5,3,Bi-RNN,0.8804,0.0048
2010_Euro_Debt_Crisis,252,5,4,Mamba,0.8684,0.0049
2010_Euro_Debt_Crisis,252,5,5,Bi-RNN,0.8656,0.0216
2010_Euro_Debt_Crisis,252,5,6,Bi-GRU,0.8581,0.0224
2010_Euro_Debt_Crisis,252,5,7,Bi-LSTM,0.8385,0.0057
2010_Euro_Debt_Crisis,252,5,8,Bi-LSTM,0.8307,0.0249
2010_Euro_Debt_Crisis,252,5,9,Ensemble,0.8006,0.0249
2010_Euro_Debt_Crisis,252,5,10,Mamba,0.7974,0.0263
2010_Euro_Debt_Crisis,252,5,11,Ensemble,0.5435,0.0098
2010_Euro_Debt_Crisis,252,5,12,PatchTST,0.1746,0.052
2010_Euro_Debt_Crisis,252,5,13,SNN,0.0485,0.0555
2010_Euro_Debt_Crisis,252,5,14,SNN,-0.1066,0.0152
2010_Euro_Debt_Crisis,252,5,15,PatchTST,-0.8613,0.0194
2010_Euro_Debt_Crisis,252,5,16,Bi-GRU,-1.0793,0.0217
2010_Euro_Debt_Crisis,252,10,1,Bi-RNN,0.8326,0.0054
2010_Euro_Debt_Crisis,252,10,2,ARIMA,0.8122,0.006
2010_Euro_Debt_Crisis,252,10,3,Bi-LSTM,0.807,0.0061
2010_Euro_Debt_Crisis,252,10,4,Mamba,0.7891,0.0062
2010_Euro_Debt_Crisis,252,10,5,Bi-RNN,0.767,0.0287
2010_Euro_Debt_Crisis,252,10,6,ARIMA,0.7666,0.0291
2010_Euro_Debt_Crisis,252,10,7,Bi-GRU,0.7486,0.0304
2010_Euro_Debt_Crisis,252,10,8,Bi-LSTM,0.7432,0.0306
2010_Euro_Debt_Crisis,252,10,9,Mamba,0.7091,0.0326
2010_Euro_Debt_Crisis,252,10,10,Ensemble,0.6519,0.0336
2010_Euro_Debt_Crisis,252,10,11,Ensemble,0.4639,0.011
2010_Euro_Debt_Crisis,252,10,12,PatchTST,-0.3259,0.0701
2010_Euro_Debt_Crisis,252,10,13,SNN,-0.3544,0.0174
2010_Euro_Debt_Crisis,252,10,14,SNN,-0.6612,0.0729
2010_Euro_Debt_Crisis,252,10,15,Bi-GRU,-0.7144,0.0197
2010_Euro_Debt_Crisis,252,10,16,PatchTST,-1.7327,0.0243
2015_China_Crash,30,1,1,Bi-GRU,0.9775,0.0107
2015_China_Crash,30,1,2,Bi-LSTM,0.9773,0.0111
2015_China_Crash,30,1,3,Mamba,0.9769,0.0114
2015_China_Crash,30,1,4,Bi-RNN,0.9766,0.0114
2015_China_Crash,30,1,5,ARIMA,0.9739,0.0114
2015_China_Crash,30,1,6,Ensemble,0.9691,0.0126
2015_China_Crash,30,1,7,Mamba,0.907,0.0034
2015_China_Crash,30,1,8,ARIMA,0.9047,0.0035
2015_China_Crash,30,1,9,SNN,0.8972,0.0254
2015_China_Crash,30,1,10,PatchTST,0.8944,0.0241
2015_China_Crash,30,1,11,Bi-LSTM,0.8455,0.0042
2015_China_Crash,30,1,12,Bi-RNN,0.8367,0.0044
2015_China_Crash,30,1,13,Bi-GRU,0.808,0.0046
2015_China_Crash,30,1,14,SNN,0.777,0.0052
2015_China_Crash,30,1,15,Ensemble,0.771,0.0062
2015_China_Crash,30,1,16,PatchTST,-3.4323,0.0286
2015_China_Crash,30,5,1,Bi-GRU,0.8971,0.0228
2015_China_Crash,30,5,2,Bi-LSTM,0.8916,0.0234
2015_China_Crash,30,5,3,Bi-RNN,0.8905,0.0233
2015_China_Crash,30,5,4,Ensemble,0.8745,0.025
2015_China_Crash,30,5,5,ARIMA,0.8724,0.0256
2015_China_Crash,30,5,6,Mamba,0.8645,0.0257
2015_China_Crash,30,5,7,PatchTST,0.7875,0.0329
2015_China_Crash,30,5,8,SNN,0.7788,0.0339
2015_China_Crash,30,5,9,Bi-RNN,0.5997,0.0069
2015_China_Crash,30,5,10,Bi-LSTM,0.5682,0.007
2015_China_Crash,30,5,11,Mamba,0.5673,0.0071
2015_China_Crash,30,5,12,Bi-GRU,0.5615,0.007
2015_China_Crash,30,5,13,ARIMA,0.5098,0.0072
2015_China_Crash,30,5,14,Ensemble,0.4902,0.0088
2015_China_Crash,30,5,15,SNN,0.3652,0.0086
2015_China_Crash,30,5,16,PatchTST,-8.1591,0.0398
2015_China_Crash,30,10,1,Bi-GRU,0.7719,0.0315
2015_China_Crash,30,10,2,Mamba,0.7412,0.0336
2015_China_Crash,30,10,3,ARIMA,0.7403,0.0369
2015_China_Crash,30,10,4,Bi-RNN,0.7247,0.0354
2015_China_Crash,30,10,5,Ensemble,0.7191,0.0362
2015_China_Crash,30,10,6,Bi-LSTM,0.7092,0.0372
2015_China_Crash,30,10,7,SNN,0.6335,0.0427
2015_China_Crash,30,10,8,PatchTST,0.5286,0.0501
2015_China_Crash,30,10,9,Bi-RNN,0.4135,0.0086
2015_China_Crash,30,10,10,Bi-GRU,0.2899,0.0091
2015_China_Crash,30,10,11,ARIMA,0.1921,0.0098
2015_China_Crash,30,10,12,Ensemble,0.142,0.0101
2015_China_Crash,30,10,13,Bi-LSTM,0.0711,0.0107
2015_China_Crash,30,10,14,Mamba,-0.0316,0.0114
2015_China_Crash,30,10,15,SNN,-0.0942,0.0116
2015_China_Crash,30,10,16,PatchTST,-0.2522,0.0126
2015_China_Crash,60,1,1,Mamba,0.9782,0.011
2015_China_Crash,60,1,2,Bi-GRU,0.9775,0.0109
2015_China_Crash,60,1,3,Bi-LSTM,0.9771,0.0112
2015_China_Crash,60,1,4,ARIMA,0.9769,0.0111
2015_China_Crash,60,1,5,Bi-RNN,0.9757,0.0112
2015_China_Crash,60,1,6,Ensemble,0.9562,0.0151
2015_China_Crash,60,1,7,ARIMA,0.9136,0.0032
2015_China_Crash,60,1,8,Mamba,0.8973,0.0036
2015_China_Crash,60,1,9,Bi-GRU,0.8784,0.0037
2015_China_Crash,60,1,10,PatchTST,0.8442,0.0298
2015_China_Crash,60,1,11,Bi-RNN,0.8279,0.0048
2015_China_Crash,60,1,12,Ensemble,0.7916,0.0053
2015_China_Crash,60,1,13,Bi-LSTM,0.7732,0.0051
2015_China_Crash,60,1,14,SNN,0.7099,0.0436
2015_China_Crash,60,1,15,SNN,0.5929,0.0073
2015_China_Crash,60,1,16,PatchTST,-0.0637,0.0129
2015_China_Crash,60,5,1,Bi-RNN,0.8932,0.0235
2015_China_Crash,60,5,2,ARIMA,0.8903,0.0246
2015_China_Crash,60,5,3,Bi-LSTM,0.8888,0.0236
2015_China_Crash,60,5,4,Bi-GRU,0.8841,0.0242
2015_China_Crash,60,5,5,Mamba,0.8804,0.0243
2015_China_Crash,60,5,6,Ensemble,0.8571,0.0263
2015_China_Crash,60,5,7,PatchTST,0.6321,0.0448
2015_China_Crash,60,5,8,Bi-GRU,0.6092,0.0068
2015_China_Crash,60,5,9,SNN,0.5896,0.0485
2015_China_Crash,60,5,10,ARIMA,0.5808,0.0069
2015_China_Crash,60,5,11,Mamba,0.5692,0.0071
2015_China_Crash,60,5,12,Bi-LSTM,0.5446,0.0072
2015_China_Crash,60,5,13,Bi-RNN,0.5396,0.0071
2015_China_Crash,60,5,14,Ensemble,0.4561,0.008
2015_China_Crash,60,5,15,SNN,0.1325,0.0116
2015_China_Crash,60,5,16,PatchTST,-3.3535,0.0242
2015_China_Crash,60,10,1,ARIMA,0.7751,0.0341
2015_China_Crash,60,10,2,Bi-LSTM,0.7483,0.0327
2015_China_Crash,60,10,3,Bi-RNN,0.7212,0.036
2015_China_Crash,60,10,4,Bi-GRU,0.7093,0.0367
2015_China_Crash,60,10,5,Mamba,0.7001,0.0382
2015_China_Crash,60,10,6,Ensemble,0.6963,0.037
2015_China_Crash,60,10,7,SNN,0.5152,0.0514
2015_China_Crash,60,10,8,Bi-RNN,0.3993,0.0088
2015_China_Crash,60,10,9,PatchTST,0.3776,0.0585
2015_China_Crash,60,10,10,ARIMA,0.2913,0.0094
2015_China_Crash,60,10,11,Bi-GRU,0.2492,0.0095
2015_China_Crash,60,10,12,Ensemble,0.2184,0.0098
2015_China_Crash,60,10,13,Bi-LSTM,0.2147,0.0096
2015_China_Crash,60,10,14,Mamba,0.0581,0.011
2015_China_Crash,60,10,15,SNN,-0.0123,0.0115
2015_China_Crash,60,10,16,PatchTST,-0.368,0.0136
2015_China_Crash,90,1,1,Bi-LSTM,0.979,0.0106
2015_China_Crash,90,1,2,Bi-GRU,0.9783,0.0107
2015_China_Crash,90,1,3,ARIMA,0.9775,0.0109
2015_China_Crash,90,1,4,Mamba,0.9767,0.0114
2015_China_Crash,90,1,5,Bi-RNN,0.9759,0.0115
2015_China_Crash,90,1,6,Ensemble,0.9536,0.0159
2015_China_Crash,90,1,7,ARIMA,0.9136,0.0033
2015_China_Crash,90,1,8,Mamba,0.9033,0.0035
2015_China_Crash,90,1,9,Bi-GRU,0.8696,0.0038
2015_China_Crash,90,1,10,Bi-LSTM,0.8424,0.0044
2015_China_Crash,90,1,11,PatchTST,0.8136,0.0327
2015_China_Crash,90,1,12,Bi-RNN,0.813,0.0055
2015_China_Crash,90,1,13,Ensemble,0.7868,0.005
2015_China_Crash,90,1,14,SNN,0.6086,0.0521
2015_China_Crash,90,1,15,PatchTST,0.3962,0.0086
2015_China_Crash,90,1,16,SNN,0.0992,0.0115
2015_China_Crash,90,5,1,Bi-GRU,0.8878,0.0237
2015_China_Crash,90,5,2,Bi-LSTM,0.8853,0.024
2015_China_Crash,90,5,3,ARIMA,0.8853,0.0248
2015_China_Crash,90,5,4,Mamba,0.8823,0.0242
2015_China_Crash,90,5,5,Bi-RNN,0.8782,0.0248
2015_China_Crash,90,5,6,Ensemble,0.8374,0.0279
2015_China_Crash,90,5,7,ARIMA,0.6037,0.0067
2015_China_Crash,90,5,8,Bi-GRU,0.5777,0.0069
2015_China_Crash,90,5,9,Mamba,0.5563,0.0071
2015_China_Crash,90,5,10,Bi-LSTM,0.5467,0.0071
2015_China_Crash,90,5,11,SNN,0.498,0.0567
2015_China_Crash,90,5,12,Ensemble,0.4201,0.0085
2015_China_Crash,90,5,13,PatchTST,0.3869,0.0595
2015_China_Crash,90,5,14,Bi-RNN,0.185,0.0104
2015_China_Crash,90,5,15,SNN,0.1048,0.0116
2015_China_Crash,90,5,16,PatchTST,-0.9339,0.0177
2015_China_Crash,90,10,1,ARIMA,0.7595,0.035
2015_China_Crash,90,10,2,Bi-LSTM,0.7203,0.0362
2015_China_Crash,90,10,3,Bi-RNN,0.7146,0.0368
2015_China_Crash,90,10,4,Bi-GRU,0.7133,0.0368
2015_China_Crash,90,10,5,Mamba,0.6936,0.0382
2015_China_Crash,90,10,6,Ensemble,0.6906,0.0374
2015_China_Crash,90,10,7,SNN,0.4044,0.0588
2015_China_Crash,90,10,8,Bi-RNN,0.3917,0.0086
2015_China_Crash,90,10,9,PatchTST,0.3823,0.0566
2015_China_Crash,90,10,10,Ensemble,0.3593,0.009
2015_China_Crash,90,10,11,ARIMA,0.3274,0.0092
2015_China_Crash,90,10,12,Bi-LSTM,0.2664,0.0094
2015_China_Crash,90,10,13,Mamba,0.2215,0.01
2015_China_Crash,90,10,14,Bi-GRU,0.1995,0.0099
2015_China_Crash,90,10,15,SNN,-0.2905,0.013
2015_China_Crash,90,10,16,PatchTST,-0.6847,0.016
2015_China_Crash,120,1,1,Bi-LSTM,0.979,0.0106
2015_China_Crash,120,1,2,ARIMA,0.9786,0.0107
2015_China_Crash,120,1,3,Bi-GRU,0.9779,0.0109
2015_China_Crash,120,1,4,Mamba,0.9762,0.0117
2015_China_Crash,120,1,5,Bi-RNN,0.9679,0.0134
2015_China_Crash,120,1,6,Ensemble,0.9649,0.0137
2015_China_Crash,120,1,7,ARIMA,0.9157,0.0032
2015_China_Crash,120,1,8,Mamba,0.9002,0.0035
2015_China_Crash,120,1,9,PatchTST,0.8956,0.0244
2015_China_Crash,120,1,10,Bi-GRU,0.867,0.0039
2015_China_Crash,120,1,11,Bi-RNN,0.8474,0.0042
2015_China_Crash,120,1,12,Bi-LSTM,0.8226,0.0047
2015_China_Crash,120,1,13,SNN,0.6777,0.0458
2015_China_Crash,120,1,14,Ensemble,0.6329,0.0079
2015_China_Crash,120,1,15,SNN,-0.6858,0.017
2015_China_Crash,120,1,16,PatchTST,-2.9486,0.027
2015_China_Crash,120,5,1,Bi-LSTM,0.8928,0.0237
2015_China_Crash,120,5,2,Bi-GRU,0.8913,0.0234
2015_China_Crash,120,5,3,ARIMA,0.8888,0.0245
2015_China_Crash,120,5,4,Mamba,0.8816,0.0242
2015_China_Crash,120,5,5,Bi-RNN,0.8802,0.0247
2015_China_Crash,120,5,6,Ensemble,0.8742,0.0242
2015_China_Crash,120,5,7,PatchTST,0.7773,0.0344
2015_China_Crash,120,5,8,ARIMA,0.6222,0.0066
2015_China_Crash,120,5,9,Bi-RNN,0.6135,0.0067
2015_China_Crash,120,5,10,Ensemble,0.5858,0.0075
2015_China_Crash,120,5,11,Bi-LSTM,0.5775,0.0072
2015_China_Crash,120,5,12,SNN,0.5679,0.0471
2015_China_Crash,120,5,13,Mamba,0.5529,0.007
2015_China_Crash,120,5,14,Bi-GRU,0.5056,0.0076
2015_China_Crash,120,5,15,PatchTST,-0.2301,0.0132
2015_China_Crash,120,5,16,SNN,-0.3506,0.0147
2015_China_Crash,120,10,1,ARIMA,0.7669,0.0348
2015_China_Crash,120,10,2,Bi-GRU,0.7389,0.0346
2015_China_Crash,120,10,3,Bi-LSTM,0.7205,0.0364
2015_China_Crash,120,10,4,Mamba,0.7165,0.0367
2015_China_Crash,120,10,5,Ensemble,0.6944,0.0369
2015_China_Crash,120,10,6,Bi-RNN,0.6921,0.0382
2015_China_Crash,120,10,7,SNN,0.56,0.0486
2015_China_Crash,120,10,8,Bi-RNN,0.4026,0.0088
2015_China_Crash,120,10,9,ARIMA,0.3515,0.0091
2015_China_Crash,120,10,10,Bi-LSTM,0.2642,0.0093
2015_China_Crash,120,10,11,Ensemble,0.2394,0.0097
2015_China_Crash,120,10,12,Bi-GRU,0.183,0.0101
2015_China_Crash,120,10,13,Mamba,0.0627,0.011
2015_China_Crash,120,10,14,PatchTST,0.0329,0.0726
2015_China_Crash,120,10,15,SNN,-0.1836,0.0136
2015_China_Crash,120,10,16,PatchTST,-2.3465,0.0213
2015_China_Crash,252,1,1,Bi-GRU,0.9792,0.0106
2015_China_Crash,252,1,2,ARIMA,0.9783,0.0107
2015_China_Crash,252,1,3,Mamba,0.9779,0.0109
2015_China_Crash,252,1,4,Bi-LSTM,0.9767,0.0112
2015_China_Crash,252,1,5,Bi-RNN,0.9735,0.0121
2015_China_Crash,252,1,6,Ensemble,0.9421,0.0182
2015_China_Crash,252,1,7,ARIMA,0.9174,0.0032
2015_China_Crash,252,1,8,Mamba,0.8907,0.0037
2015_China_Crash,252,1,9,Bi-GRU,0.8838,0.0036
2015_China_Crash,252,1,10,Bi-LSTM,0.8363,0.0044
2015_China_Crash,252,1,11,PatchTST,0.8276,0.0333
2015_China_Crash,252,1,12,Bi-RNN,0.8274,0.0045
2015_China_Crash,252,1,13,Ensemble,0.7841,0.0058
2015_China_Crash,252,1,14,SNN,0.3828,0.0633
2015_China_Crash,252,1,15,PatchTST,-0.1279,0.0128
2015_China_Crash,252,1,16,SNN,-0.9929,0.0191
2015_China_Crash,252,5,1,ARIMA,0.8956,0.024
2015_China_Crash,252,5,2,Mamba,0.8791,0.0249
2015_China_Crash,252,5,3,Bi-LSTM,0.8762,0.0255
2015_China_Crash,252,5,4,Ensemble,0.8631,0.0255
2015_China_Crash,252,5,5,Bi-GRU,0.8516,0.0279
2015_China_Crash,252,5,6,Bi-RNN,0.8501,0.028
2015_China_Crash,252,5,7,SNN,0.7505,0.0367
2015_China_Crash,252,5,8,PatchTST,0.6836,0.0413
2015_China_Crash,252,5,9,ARIMA,0.6182,0.0067
2015_China_Crash,252,5,10,Bi-GRU,0.6155,0.0068
2015_China_Crash,252,5,11,Ensemble,0.612,0.0071
2015_China_Crash,252,5,12,Bi-LSTM,0.5572,0.0069
2015_China_Crash,252,5,13,Mamba,0.5281,0.0076
2015_China_Crash,252,5,14,Bi-RNN,0.445,0.0077
2015_China_Crash,252,5,15,PatchTST,0.086,0.0119
2015_China_Crash,252,5,16,SNN,-0.2916,0.0147
2015_China_Crash,252,10,1,ARIMA,0.7829,0.034
2015_China_Crash,252,10,2,Mamba,0.7296,0.0352
2015_China_Crash,252,10,3,Bi-GRU,0.7156,0.0366
2015_China_Crash,252,10,4,Bi-RNN,0.7003,0.0377
2015_China_Crash,252,10,5,Ensemble,0.6905,0.0386
2015_China_Crash,252,10,6,SNN,0.6658,0.0407
2015_China_Crash,252,10,7,Bi-LSTM,0.613,0.0446
2015_China_Crash,252,10,8,Ensemble,0.3653,0.0091
2015_China_Crash,252,10,9,Bi-RNN,0.3625,0.0087
2015_China_Crash,252,10,10,ARIMA,0.345,0.0091
2015_China_Crash,252,10,11,PatchTST,0.2431,0.0665
2015_China_Crash,252,10,12,Bi-GRU,0.2294,0.0098
2015_China_Crash,252,10,13,Bi-LSTM,0.1994,0.0097
2015_China_Crash,252,10,14,SNN,0.1974,0.0114
2015_China_Crash,252,10,15,Mamba,0.093,0.0106
2015_China_Crash,252,10,16,PatchTST,-0.3043,0.0142
2018_Trade_War,30,1,1,ARIMA,0.97,0.0119
2018_Trade_War,30,1,2,Bi-GRU,0.9685,0.0127
2018_Trade_War,30,1,3,Bi-LSTM,0.9678,0.0127
2018_Trade_War,30,1,4,Mamba,0.9668,0.0131
2018_Trade_War,30,1,5,Bi-RNN,0.9487,0.0164
2018_Trade_War,30,1,6,Ensemble,0.9466,0.0171
2018_Trade_War,30,1,7,ARIMA,0.8986,0.0041
2018_Trade_War,30,1,8,Mamba,0.891,0.0047
2018_Trade_War,30,1,9,PatchTST,0.853,0.0279
2018_Trade_War,30,1,10,Bi-GRU,0.7979,0.0057
2018_Trade_War,30,1,11,Bi-RNN,0.7725,0.0075
2018_Trade_War,30,1,12,Ensemble,0.7634,0.0068
2018_Trade_War,30,1,13,SNN,0.761,0.0359
2018_Trade_War,30,1,14,SNN,0.58,0.0101
2018_Trade_War,30,1,15,Bi-LSTM,0.573,0.0105
2018_Trade_War,30,1,16,PatchTST,-0.9635,0.0196
2018_Trade_War,30,5,1,Bi-GRU,0.8614,0.0269
2018_Trade_War,30,5,2,Bi-RNN,0.8589,0.0273
2018_Trade_War,30,5,3,Bi-LSTM,0.8562,0.0279
2018_Trade_War,30,5,4,Mamba,0.8558,0.0275
2018_Trade_War,30,5,5,Ensemble,0.8544,0.0278
2018_Trade_War,30,5,6,ARIMA,0.8442,0.0282
2018_Trade_War,30,5,7,PatchTST,0.7921,0.0316
2018_Trade_War,30,5,8,SNN,0.6338,0.044
2018_Trade_War,30,5,9,ARIMA,0.5808,0.009
2018_Trade_War,30,5,10,Bi-GRU,0.549,0.0094
2018_Trade_War,30,5,11,Bi-RNN,0.5189,0.0107
2018_Trade_War,30,5,12,Mamba,0.5061,0.0095
2018_Trade_War,30,5,13,Ensemble,0.4804,0.0104
2018_Trade_War,30,5,14,Bi-LSTM,0.4372,0.0117
2018_Trade_War,30,5,15,SNN,0.0734,0.0143
2018_Trade_War,30,5,16,PatchTST,-0.4942,0.0168
2018_Trade_War,30,10,1,Bi-GRU,0.7842,0.0335
2018_Trade_War,30,10,2,Ensemble,0.7714,0.035
2018_Trade_War,30,10,3,Bi-RNN,0.7607,0.036
2018_Trade_War,30,10,4,Mamba,0.73,0.0376
2018_Trade_War,30,10,5,PatchTST,0.7239,0.0358
2018_Trade_War,30,10,6,ARIMA,0.7018,0.0364
2018_Trade_War,30,10,7,Bi-LSTM,0.6929,0.0408
2018_Trade_War,30,10,8,SNN,0.5746,0.0474
2018_Trade_War,30,10,9,Mamba,0.2536,0.0123
2018_Trade_War,30,10,10,ARIMA,0.2292,0.012
2018_Trade_War,30,10,11,Bi-RNN,0.2206,0.0138
2018_Trade_War,30,10,12,Ensemble,0.0979,0.0133
2018_Trade_War,30,10,13,Bi-LSTM,0.006,0.0138
2018_Trade_War,30,10,14,Bi-GRU,-0.1261,0.0142
2018_Trade_War,30,10,15,SNN,-1.3186,0.0229
2018_Trade_War,30,10,16,PatchTST,-1.6935,0.0254
2018_Trade_War,60,1,1,Bi-GRU,0.9722,0.0118
2018_Trade_War,60,1,2,ARIMA,0.9711,0.0117
2018_Trade_War,60,1,3,Mamba,0.9681,0.0125
2018_Trade_War,60,1,4,Bi-LSTM,0.9651,0.0134
2018_Trade_War,60,1,5,Bi-RNN,0.9559,0.0151
2018_Trade_War,60,1,6,Ensemble,0.9421,0.0177
2018_Trade_War,60,1,7,PatchTST,0.9191,0.0207
2018_Trade_War,60,1,8,ARIMA,0.9105,0.0039
2018_Trade_War,60,1,9,Mamba,0.8982,0.0042
2018_Trade_War,60,1,10,Bi-GRU,0.8226,0.0054
2018_Trade_War,60,1,11,Bi-RNN,0.7603,0.0076
2018_Trade_War,60,1,12,Ensemble,0.7491,0.007
2018_Trade_War,60,1,13,Bi-LSTM,0.7382,0.008
2018_Trade_War,60,1,14,SNN,0.4669,0.0575
2018_Trade_War,60,1,15,SNN,0.4573,0.0106
2018_Trade_War,60,1,16,PatchTST,-0.3346,0.0166
2018_Trade_War,60,5,1,Ensemble,0.8604,0.0271
2018_Trade_War,60,5,2,Bi-GRU,0.8601,0.027
2018_Trade_War,60,5,3,Mamba,0.8421,0.0286
2018_Trade_War,60,5,4,ARIMA,0.8419,0.0278
2018_Trade_War,60,5,5,Bi-LSTM,0.8333,0.0302
2018_Trade_War,60,5,6,Bi-RNN,0.7887,0.0331
2018_Trade_War,60,5,7,PatchTST,0.7483,0.0353
2018_Trade_War,60,5,8,ARIMA,0.5771,0.009
2018_Trade_War,60,5,9,Mamba,0.5362,0.0092
2018_Trade_War,60,5,10,Bi-RNN,0.5027,0.0112
2018_Trade_War,60,5,11,Ensemble,0.481,0.0108
2018_Trade_War,60,5,12,Bi-LSTM,0.4175,0.012
2018_Trade_War,60,5,13,Bi-GRU,0.2857,0.0112
2018_Trade_War,60,5,14,SNN,0.2551,0.0677
2018_Trade_War,60,5,15,PatchTST,-0.1008,0.0156
2018_Trade_War,60,5,16,SNN,-0.6944,0.0219
2018_Trade_War,60,10,1,Bi-GRU,0.7847,0.0331
2018_Trade_War,60,10,2,Ensemble,0.7765,0.0336
2018_Trade_War,60,10,3,Mamba,0.7515,0.0359
2018_Trade_War,60,10,4,Bi-RNN,0.7494,0.0361
2018_Trade_War,60,10,5,Bi-LSTM,0.7375,0.0383
2018_Trade_War,60,10,6,ARIMA,0.6996,0.0372
2018_Trade_War,60,10,7,PatchTST,0.5837,0.0461
2018_Trade_War,60,10,8,ARIMA,0.2421,0.012
2018_Trade_War,60,10,9,Bi-RNN,0.2111,0.0142
2018_Trade_War,60,10,10,Ensemble,0.1131,0.0132
2018_Trade_War,60,10,11,Mamba,0.0377,0.0133
2018_Trade_War,60,10,12,SNN,-0.0358,0.0798
2018_Trade_War,60,10,13,SNN,-0.0551,0.0156
2018_Trade_War,60,10,14,Bi-GRU,-0.1784,0.0146
2018_Trade_War,60,10,15,Bi-LSTM,-0.281,0.0157
2018_Trade_War,60,10,16,PatchTST,-0.7302,0.0178
2018_Trade_War,90,1,1,ARIMA,0.973,0.0113
2018_Trade_War,90,1,2,Mamba,0.9716,0.0119
2018_Trade_War,90,1,3,Bi-GRU,0.9697,0.0123
2018_Trade_War,90,1,4,Bi-LSTM,0.9624,0.014
2018_Trade_War,90,1,5,Bi-RNN,0.9544,0.0154
2018_Trade_War,90,1,6,Ensemble,0.9509,0.016
2018_Trade_War,90,1,7,ARIMA,0.9094,0.0039
2018_Trade_War,90,1,8,Mamba,0.8976,0.0044
2018_Trade_War,90,1,9,Bi-LSTM,0.7924,0.0068
2018_Trade_War,90,1,10,Bi-GRU,0.7856,0.0058
2018_Trade_War,90,1,11,Bi-RNN,0.7417,0.0073
2018_Trade_War,90,1,12,PatchTST,0.7371,0.0375
2018_Trade_War,90,1,13,Ensemble,0.7268,0.0071
2018_Trade_War,90,1,14,SNN,0.4272,0.0604
2018_Trade_War,90,1,15,SNN,0.1485,0.0147
2018_Trade_War,90,1,16,PatchTST,-1.0823,0.0213
2018_Trade_War,90,5,1,Bi-RNN,0.8603,0.0271
2018_Trade_War,90,5,2,Bi-GRU,0.8517,0.0276
2018_Trade_War,90,5,3,ARIMA,0.8481,0.0276
2018_Trade_War,90,5,4,Ensemble,0.8361,0.0296
2018_Trade_War,90,5,5,Bi-LSTM,0.8252,0.0311
2018_Trade_War,90,5,6,Mamba,0.8067,0.0314
2018_Trade_War,90,5,7,PatchTST,0.7821,0.0332
2018_Trade_War,90,5,8,ARIMA,0.5805,0.009
2018_Trade_War,90,5,9,Mamba,0.4834,0.0095
2018_Trade_War,90,5,10,Bi-RNN,0.4332,0.012
2018_Trade_War,90,5,11,Ensemble,0.4292,0.0105
2018_Trade_War,90,5,12,Bi-GRU,0.3722,0.0103
2018_Trade_War,90,5,13,Bi-LSTM,0.3572,0.0121
2018_Trade_War,90,5,14,SNN,0.1293,0.0148
2018_Trade_War,90,5,15,SNN,-0.0497,0.0866
2018_Trade_War,90,5,16,PatchTST,-1.0751,0.0221
2018_Trade_War,90,10,1,Bi-GRU,0.7886,0.033
2018_Trade_War,90,10,2,Bi-RNN,0.7853,0.0336
2018_Trade_War,90,10,3,Ensemble,0.7778,0.0344
2018_Trade_War,90,10,4,Mamba,0.7627,0.0351
2018_Trade_War,90,10,5,ARIMA,0.7294,0.0367
2018_Trade_War,90,10,6,PatchTST,0.6959,0.0393
2018_Trade_War,90,10,7,Bi-LSTM,0.6771,0.0428
2018_Trade_War,90,10,8,Bi-RNN,0.2814,0.0135
2018_Trade_War,90,10,9,ARIMA,0.231,0.0119
2018_Trade_War,90,10,10,Mamba,0.1353,0.0128
2018_Trade_War,90,10,11,Ensemble,-0.0375,0.0134
2018_Trade_War,90,10,12,Bi-GRU,-0.1379,0.0143
2018_Trade_War,90,10,13,PatchTST,-0.1516,0.0149
2018_Trade_War,90,10,14,SNN,-0.1536,0.09
2018_Trade_War,90,10,15,SNN,-0.2701,0.0183
2018_Trade_War,90,10,16,Bi-LSTM,-5.8144,0.0449
2018_Trade_War,120,1,1,ARIMA,0.9724,0.0115
2018_Trade_War,120,1,2,Bi-GRU,0.9716,0.0119
2018_Trade_War,120,1,3,Mamba,0.9714,0.0119
2018_Trade_War,120,1,4,Bi-LSTM,0.9688,0.0126
2018_Trade_War,120,1,5,Ensemble,0.9549,0.0154
2018_Trade_War,120,1,6,Bi-RNN,0.9504,0.0162
2018_Trade_War,120,1,7,ARIMA,0.9102,0.0039
2018_Trade_War,120,1,8,Bi-GRU,0.8081,0.0055
2018_Trade_War,120,1,9,Mamba,0.8,0.0063
2018_Trade_War,120,1,10,Bi-LSTM,0.791,0.007
2018_Trade_War,120,1,11,Ensemble,0.7834,0.0068
2018_Trade_War,120,1,12,Bi-RNN,0.7442,0.0079
2018_Trade_War,120,1,13,PatchTST,0.6959,0.0414
2018_Trade_War,120,1,14,SNN,0.3526,0.0635
2018_Trade_War,120,1,15,SNN,0.3337,0.0123
2018_Trade_War,120,1,16,PatchTST,0.1538,0.0129
2018_Trade_War,120,5,1,Bi-GRU,0.8637,0.0268
2018_Trade_War,120,5,2,Bi-RNN,0.8579,0.0272
2018_Trade_War,120,5,3,Ensemble,0.8513,0.0285
2018_Trade_War,120,5,4,Mamba,0.851,0.0278
2018_Trade_War,120,5,5,ARIMA,0.849,0.0275
2018_Trade_War,120,5,6,Bi-LSTM,0.8465,0.0286
2018_Trade_War,120,5,7,PatchTST,0.8161,0.0305
2018_Trade_War,120,5,8,ARIMA,0.5896,0.0089
2018_Trade_War,120,5,9,Mamba,0.4379,0.0099
2018_Trade_War,120,5,10,Bi-RNN,0.4332,0.0113
2018_Trade_War,120,5,11,Ensemble,0.4154,0.0103
2018_Trade_War,120,5,12,Bi-GRU,0.3689,0.0103
2018_Trade_War,120,5,13,SNN,0.0315,0.0801
2018_Trade_War,120,5,14,SNN,0.0151,0.0152
2018_Trade_War,120,5,15,Bi-LSTM,-0.001,0.0137
2018_Trade_War,120,5,16,PatchTST,-0.1184,0.015
2018_Trade_War,120,10,1,Ensemble,0.7882,0.0329
2018_Trade_War,120,10,2,Bi-GRU,0.7829,0.0337
2018_Trade_War,120,10,3,Bi-RNN,0.7818,0.034
2018_Trade_War,120,10,4,Bi-LSTM,0.7588,0.0365
2018_Trade_War,120,10,5,Mamba,0.7561,0.0358
2018_Trade_War,120,10,6,ARIMA,0.731,0.0367
2018_Trade_War,120,10,7,PatchTST,0.4938,0.0516
2018_Trade_War,120,10,8,Bi-RNN,0.3244,0.0126
2018_Trade_War,120,10,9,ARIMA,0.2687,0.0119
2018_Trade_War,120,10,10,Ensemble,0.1555,0.013
2018_Trade_War,120,10,11,Mamba,0.1318,0.0128
2018_Trade_War,120,10,12,Bi-GRU,0.0457,0.0128
2018_Trade_War,120,10,13,SNN,0.0057,0.0796
2018_Trade_War,120,10,14,Bi-LSTM,-0.1317,0.0143
2018_Trade_War,120,10,15,SNN,-0.5634,0.0198
2018_Trade_War,120,10,16,PatchTST,-0.6538,0.0183
2018_Trade_War,252,1,1,ARIMA,0.973,0.0113
2018_Trade_War,252,1,2,Bi-GRU,0.9714,0.012
2018_Trade_War,252,1,3,Bi-LSTM,0.9648,0.0136
2018_Trade_War,252,1,4,Bi-RNN,0.9607,0.0145
2018_Trade_War,252,1,5,Mamba,0.9606,0.0137
2018_Trade_War,252,1,6,Ensemble,0.9417,0.0175
2018_Trade_War,252,1,7,ARIMA,0.9135,0.0038
2018_Trade_War,252,1,8,Mamba,0.885,0.0047
2018_Trade_War,252,1,9,PatchTST,0.8755,0.0252
2018_Trade_War,252,1,10,Bi-GRU,0.83,0.0052
2018_Trade_War,252,1,11,Ensemble,0.7961,0.0063
2018_Trade_War,252,1,12,Bi-RNN,0.7768,0.0063
2018_Trade_War,252,1,13,Bi-LSTM,0.7192,0.0086
2018_Trade_War,252,1,14,SNN,0.407,0.012
2018_Trade_War,252,1,15,PatchTST,0.0093,0.0135
2018_Trade_War,252,1,16,SNN,-0.0795,0.0728
2018_Trade_War,252,5,1,Ensemble,0.8719,0.026
2018_Trade_War,252,5,2,Bi-RNN,0.861,0.027
2018_Trade_War,252,5,3,Bi-GRU,0.8572,0.0272
2018_Trade_War,252,5,4,ARIMA,0.8534,0.0272
2018_Trade_War,252,5,5,Bi-LSTM,0.8416,0.0294
2018_Trade_War,252,5,6,Mamba,0.835,0.0296
2018_Trade_War,252,5,7,PatchTST,0.6871,0.0406
2018_Trade_War,252,5,8,ARIMA,0.5973,0.0087
2018_Trade_War,252,5,9,Mamba,0.4881,0.0099
2018_Trade_War,252,5,10,Ensemble,0.4331,0.0103
2018_Trade_War,252,5,11,Bi-GRU,0.4197,0.0101
2018_Trade_War,252,5,12,SNN,0.3721,0.0123
2018_Trade_War,252,5,13,Bi-LSTM,0.2705,0.012
2018_Trade_War,252,5,14,Bi-RNN,0.1775,0.0127
2018_Trade_War,252,5,15,PatchTST,0.1041,0.0128
2018_Trade_War,252,5,16,SNN,-0.1808,0.0774
2018_Trade_War,252,10,1,Ensemble,0.8093,0.0316
2018_Trade_War,252,10,2,Bi-GRU,0.7698,0.0337
2018_Trade_War,252,10,3,Bi-LSTM,0.7576,0.0358
2018_Trade_War,252,10,4,Bi-RNN,0.7503,0.037
2018_Trade_War,252,10,5,ARIMA,0.7401,0.0361
2018_Trade_War,252,10,6,Mamba,0.7294,0.0383
2018_Trade_War,252,10,7,PatchTST,0.6077,0.0446
2018_Trade_War,252,10,8,Bi-RNN,0.2897,0.0128
2018_Trade_War,252,10,9,ARIMA,0.2791,0.0118
2018_Trade_War,252,10,10,Mamba,0.1764,0.0127
2018_Trade_War,252,10,11,Ensemble,0.1205,0.0128
2018_Trade_War,252,10,12,SNN,0.0378,0.0704
2018_Trade_War,252,10,13,Bi-GRU,-0.2586,0.0153
2018_Trade_War,252,10,14,Bi-LSTM,-0.4581,0.0169
2018_Trade_War,252,10,15,SNN,-0.4701,0.0192
2018_Trade_War,252,10,16,PatchTST,-1.9939,0.0246
2020_COVID_Crash,30,1,1,Bi-GRU,0.9104,0.0134
2020_COVID_Crash,30,1,2,Bi-LSTM,0.9088,0.0133
2020_COVID_Crash,30,1,3,Bi-RNN,0.9076,0.0134
2020_COVID_Crash,30,1,4,Mamba,0.9034,0.014
2020_COVID_Crash,30,1,5,ARIMA,0.8927,0.0155
2020_COVID_Crash,30,1,6,ARIMA,0.8811,0.0125
2020_COVID_Crash,30,1,7,Ensemble,0.8564,0.0167
2020_COVID_Crash,30,1,8,Ensemble,0.7228,0.0173
2020_COVID_Crash,30,1,9,Bi-LSTM,0.7059,0.0174
2020_COVID_Crash,30,1,10,Bi-GRU,0.6734,0.0181
2020_COVID_Crash,30,1,11,Bi-RNN,0.6662,0.019
2020_COVID_Crash,30,1,12,Mamba,0.6417,0.0218
2020_COVID_Crash,30,1,13,PatchTST,0.5254,0.0316
2020_COVID_Crash,30,1,14,SNN,0.3603,0.0367
2020_COVID_Crash,30,1,15,SNN,0.0819,0.04
2020_COVID_Crash,30,1,16,PatchTST,-0.3534,0.0463
2020_COVID_Crash,30,5,1,Bi-RNN,0.5933,0.0286
2020_COVID_Crash,30,5,2,ARIMA,0.5921,0.0237
2020_COVID_Crash,30,5,3,Mamba,0.5881,0.0293
2020_COVID_Crash,30,5,4,Bi-LSTM,0.5502,0.0309
2020_COVID_Crash,30,5,5,Ensemble,0.546,0.0284
2020_COVID_Crash,30,5,6,Bi-GRU,0.538,0.03
2020_COVID_Crash,30,5,7,Bi-RNN,0.5019,0.0248
2020_COVID_Crash,30,5,8,ARIMA,0.4822,0.0328
2020_COVID_Crash,30,5,9,Ensemble,0.3877,0.0255
2020_COVID_Crash,30,5,10,Mamba,0.3874,0.0289
2020_COVID_Crash,30,5,11,Bi-GRU,0.3833,0.0261
2020_COVID_Crash,30,5,12,Bi-LSTM,0.3324,0.0264
2020_COVID_Crash,30,5,13,SNN,0.2351,0.0389
2020_COVID_Crash,30,5,14,PatchTST,0.2332,0.0399
2020_COVID_Crash,30,5,15,SNN,-0.0506,0.0395
2020_COVID_Crash,30,5,16,PatchTST,-0.6769,0.0502
2020_COVID_Crash,30,10,1,ARIMA,0.1964,0.0326
2020_COVID_Crash,30,10,2,ARIMA,0.0063,0.0447
2020_COVID_Crash,30,10,3,Bi-RNN,0.0038,0.0391
2020_COVID_Crash,30,10,4,Bi-LSTM,-0.0189,0.0384
2020_COVID_Crash,30,10,5,Ensemble,-0.0341,0.0405
2020_COVID_Crash,30,10,6,Mamba,-0.0754,0.0435
2020_COVID_Crash,30,10,7,Bi-GRU,-0.0819,0.043
2020_COVID_Crash,30,10,8,Bi-RNN,-0.1356,0.037
2020_COVID_Crash,30,10,9,Bi-GRU,-0.2803,0.0357
2020_COVID_Crash,30,10,10,Ensemble,-0.3178,0.0366
2020_COVID_Crash,30,10,11,Bi-LSTM,-0.3303,0.0344
2020_COVID_Crash,30,10,12,SNN,-0.4111,0.0503
2020_COVID_Crash,30,10,13,Mamba,-0.4838,0.0449
2020_COVID_Crash,30,10,14,PatchTST,-0.5983,0.0493
2020_COVID_Crash,30,10,15,SNN,-0.6505,0.0452
2020_COVID_Crash,30,10,16,PatchTST,-0.8587,0.0426
2020_COVID_Crash,60,1,1,Mamba,0.9096,0.0135
2020_COVID_Crash,60,1,2,Bi-LSTM,0.9086,0.0136
2020_COVID_Crash,60,1,3,Bi-RNN,0.9066,0.0135
2020_COVID_Crash,60,1,4,ARIMA,0.9037,0.014
2020_COVID_Crash,60,1,5,Bi-GRU,0.9023,0.0136
2020_COVID_Crash,60,1,6,ARIMA,0.8887,0.0118
2020_COVID_Crash,60,1,7,Ensemble,0.8444,0.017
2020_COVID_Crash,60,1,8,Bi-RNN,0.8117,0.015
2020_COVID_Crash,60,1,9,Bi-GRU,0.7627,0.0162
2020_COVID_Crash,60,1,10,Ensemble,0.689,0.0186
2020_COVID_Crash,60,1,11,PatchTST,0.6363,0.0278
2020_COVID_Crash,60,1,12,Bi-LSTM,0.6282,0.0194
2020_COVID_Crash,60,1,13,Mamba,0.6239,0.0212
2020_COVID_Crash,60,1,14,SNN,-0.0572,0.0471
2020_COVID_Crash,60,1,15,SNN,-0.0651,0.0364
2020_COVID_Crash,60,1,16,PatchTST,-0.4247,0.0465
2020_COVID_Crash,60,5,1,ARIMA,0.6013,0.0232
2020_COVID_Crash,60,5,2,Bi-LSTM,0.5847,0.0288
2020_COVID_Crash,60,5,3,ARIMA,0.5765,0.0312
2020_COVID_Crash,60,5,4,Bi-GRU,0.5651,0.0293
2020_COVID_Crash,60,5,5,Mamba,0.5623,0.0304
2020_COVID_Crash,60,5,6,Bi-RNN,0.5479,0.0303
2020_COVID_Crash,60,5,7,Bi-RNN,0.5261,0.026
2020_COVID_Crash,60,5,8,Ensemble,0.5078,0.0296
2020_COVID_Crash,60,5,9,Mamba,0.4676,0.0267
2020_COVID_Crash,60,5,10,Bi-LSTM,0.396,0.0257
2020_COVID_Crash,60,5,11,Ensemble,0.3934,0.026
2020_COVID_Crash,60,5,12,PatchTST,0.3382,0.0368
2020_COVID_Crash,60,5,13,Bi-GRU,0.2414,0.028
2020_COVID_Crash,60,5,14,SNN,-0.3922,0.0416
2020_COVID_Crash,60,5,15,SNN,-0.5443,0.0563
2020_COVID_Crash,60,5,16,PatchTST,-1.4192,0.0694
2020_COVID_Crash,60,10,1,ARIMA,0.2542,0.0314
2020_COVID_Crash,60,10,2,ARIMA,0.1113,0.0429
2020_COVID_Crash,60,10,3,Bi-RNN,-0.0679,0.04
2020_COVID_Crash,60,10,4,Bi-GRU,-0.081,0.0413
2020_COVID_Crash,60,10,5,Bi-RNN,-0.1196,0.0348
2020_COVID_Crash,60,10,6,Ensemble,-0.1397,0.0408
2020_COVID_Crash,60,10,7,Bi-LSTM,-0.1733,0.043
2020_COVID_Crash,60,10,8,Ensemble,-0.2314,0.0343
2020_COVID_Crash,60,10,9,Mamba,-0.2531,0.0451
2020_COVID_Crash,60,10,10,Bi-LSTM,-0.3551,0.037
2020_COVID_Crash,60,10,11,PatchTST,-0.3888,0.0486
2020_COVID_Crash,60,10,12,Bi-GRU,-0.4125,0.0364
2020_COVID_Crash,60,10,13,PatchTST,-1.081,0.0511
2020_COVID_Crash,60,10,14,SNN,-1.215,0.0614
2020_COVID_Crash,60,10,15,SNN,-1.3379,0.0586
2020_COVID_Crash,60,10,16,Mamba,-1.8002,0.0569
2020_COVID_Crash,90,1,1,Bi-GRU,0.9116,0.0133
2020_COVID_Crash,90,1,2,Bi-LSTM,0.9113,0.0132
2020_COVID_Crash,90,1,3,ARIMA,0.907,0.0137
2020_COVID_Crash,90,1,4,Mamba,0.9064,0.0138
2020_COVID_Crash,90,1,5,Bi-RNN,0.9054,0.0135
2020_COVID_Crash,90,1,6,ARIMA,0.8886,0.0117
2020_COVID_Crash,90,1,7,Ensemble,0.8335,0.0175
2020_COVID_Crash,90,1,8,Bi-RNN,0.8136,0.0151
2020_COVID_Crash,90,1,9,Bi-GRU,0.7629,0.0158
2020_COVID_Crash,90,1,10,Bi-LSTM,0.7404,0.0163
2020_COVID_Crash,90,1,11,Ensemble,0.7061,0.0186
2020_COVID_Crash,90,1,12,Mamba,0.7022,0.0178
2020_COVID_Crash,90,1,13,PatchTST,0.4046,0.0347
2020_COVID_Crash,90,1,14,SNN,-0.0597,0.0483
2020_COVID_Crash,90,1,15,PatchTST,-0.0666,0.0386
2020_COVID_Crash,90,1,16,SNN,-0.3254,0.0436
2020_COVID_Crash,90,5,1,ARIMA,0.5937,0.0233
2020_COVID_Crash,90,5,2,Bi-LSTM,0.5924,0.0288
2020_COVID_Crash,90,5,3,Bi-GRU,0.5776,0.03
2020_COVID_Crash,90,5,4,Mamba,0.5623,0.0304
2020_COVID_Crash,90,5,5,Bi-RNN,0.5438,0.0301
2020_COVID_Crash,90,5,6,ARIMA,0.5416,0.0318
2020_COVID_Crash,90,5,7,Bi-RNN,0.5254,0.0257
2020_COVID_Crash,90,5,8,Ensemble,0.515,0.0284
2020_COVID_Crash,90,5,9,Ensemble,0.3866,0.0254
2020_COVID_Crash,90,5,10,Bi-LSTM,0.3418,0.0262
2020_COVID_Crash,90,5,11,Mamba,0.2832,0.0309
2020_COVID_Crash,90,5,12,Bi-GRU,0.2495,0.0277
2020_COVID_Crash,90,5,13,SNN,-0.2039,0.0504
2020_COVID_Crash,90,5,14,PatchTST,-0.3415,0.0489
2020_COVID_Crash,90,5,15,SNN,-0.5631,0.0465
2020_COVID_Crash,90,5,16,PatchTST,-0.9685,0.056
2020_COVID_Crash,90,10,1,ARIMA,0.2321,0.0321
2020_COVID_Crash,90,10,2,ARIMA,0.0161,0.0443
2020_COVID_Crash,90,10,3,Bi-RNN,-0.0056,0.0388
2020_COVID_Crash,90,10,4,Bi-GRU,-0.0491,0.0412
2020_COVID_Crash,90,10,5,Mamba,-0.1337,0.0419
2020_COVID_Crash,90,10,6,Ensemble,-0.1543,0.0394
2020_COVID_Crash,90,10,7,Bi-LSTM,-0.1637,0.0422
2020_COVID_Crash,90,10,8,Mamba,-0.1952,0.0379
2020_COVID_Crash,90,10,9,Ensemble,-0.2334,0.0332
2020_COVID_Crash,90,10,10,Bi-RNN,-0.2762,0.0336
2020_COVID_Crash,90,10,11,Bi-GRU,-0.28,0.0354
2020_COVID_Crash,90,10,12,Bi-LSTM,-0.3031,0.0342
2020_COVID_Crash,90,10,13,SNN,-0.7503,0.0542
2020_COVID_Crash,90,10,14,PatchTST,-0.7581,0.0491
2020_COVID_Crash,90,10,15,SNN,-1.0131,0.051
2020_COVID_Crash,90,10,16,PatchTST,-1.35,0.058
2020_COVID_Crash,120,1,1,Bi-LSTM,0.912,0.0134
2020_COVID_Crash,120,1,2,Bi-GRU,0.9116,0.0133
2020_COVID_Crash,120,1,3,Mamba,0.91,0.0132
2020_COVID_Crash,120,1,4,ARIMA,0.907,0.0135
2020_COVID_Crash,120,1,5,Bi-RNN,0.9021,0.0141
2020_COVID_Crash,120,1,6,ARIMA,0.8917,0.0114
2020_COVID_Crash,120,1,7,Ensemble,0.8813,0.015
2020_COVID_Crash,120,1,8,Bi-LSTM,0.7444,0.0169
2020_COVID_Crash,120,1,9,Bi-RNN,0.7359,0.0165
2020_COVID_Crash,120,1,10,PatchTST,0.717,0.0249
2020_COVID_Crash,120,1,11,Mamba,0.7128,0.0199
2020_COVID_Crash,120,1,12,Ensemble,0.6969,0.0185
2020_COVID_Crash,120,1,13,Bi-GRU,0.6528,0.0185
2020_COVID_Crash,120,1,14,SNN,0.0412,0.0455
2020_COVID_Crash,120,1,15,PatchTST,-0.1833,0.0433
2020_COVID_Crash,120,1,16,SNN,-0.2191,0.0417
2020_COVID_Crash,120,5,1,ARIMA,0.6216,0.0228
2020_COVID_Crash,120,5,2,Mamba,0.5815,0.0293
2020_COVID_Crash,120,5,3,ARIMA,0.5772,0.0309
2020_COVID_Crash,120,5,4,Bi-RNN,0.5622,0.0294
2020_COVID_Crash,120,5,5,Bi-GRU,0.5554,0.0303
2020_COVID_Crash,120,5,6,Bi-LSTM,0.5462,0.0303
2020_COVID_Crash,120,5,7,Ensemble,0.5415,0.0278
2020_COVID_Crash,120,5,8,Bi-RNN,0.5177,0.0252
2020_COVID_Crash,120,5,9,Mamba,0.4902,0.026
2020_COVID_Crash,120,5,10,Ensemble,0.4066,0.0256
2020_COVID_Crash,120,5,11,Bi-LSTM,0.3872,0.0257
2020_COVID_Crash,120,5,12,PatchTST,0.3245,0.0319
2020_COVID_Crash,120,5,13,Bi-GRU,0.2996,0.027
2020_COVID_Crash,120,5,14,SNN,-0.1385,0.0482
2020_COVID_Crash,120,5,15,SNN,-0.1556,0.04
2020_COVID_Crash,120,5,16,PatchTST,-1.2566,0.0653
2020_COVID_Crash,120,10,1,ARIMA,0.2253,0.0324
2020_COVID_Crash,120,10,2,ARIMA,0.0939,0.0428
2020_COVID_Crash,120,10,3,Bi-RNN,-0.0347,0.0312
2020_COVID_Crash,120,10,4,Ensemble,-0.0609,0.0374
2020_COVID_Crash,120,10,5,Bi-RNN,-0.1112,0.0404
2020_COVID_Crash,120,10,6,Mamba,-0.1239,0.0409
2020_COVID_Crash,120,10,7,Bi-LSTM,-0.1272,0.0423
2020_COVID_Crash,120,10,8,Bi-GRU,-0.1414,0.0425
2020_COVID_Crash,120,10,9,Ensemble,-0.1913,0.0322
2020_COVID_Crash,120,10,10,Mamba,-0.1918,0.0405
2020_COVID_Crash,120,10,11,PatchTST,-0.2853,0.0422
2020_COVID_Crash,120,10,12,Bi-LSTM,-0.3872,0.0358
2020_COVID_Crash,120,10,13,Bi-GRU,-0.4366,0.0365
2020_COVID_Crash,120,10,14,SNN,-0.7159,0.0536
2020_COVID_Crash,120,10,15,SNN,-0.7384,0.0471
2020_COVID_Crash,120,10,16,PatchTST,-1.2445,0.0577
2020_COVID_Crash,252,1,1,Bi-LSTM,0.9134,0.0132
2020_COVID_Crash,252,1,2,ARIMA,0.9111,0.0133
2020_COVID_Crash,252,1,3,Mamba,0.9106,0.0135
2020_COVID_Crash,252,1,4,Bi-GRU,0.9087,0.0137
2020_COVID_Crash,252,1,5,Bi-RNN,0.9011,0.0138
2020_COVID_Crash,252,1,6,ARIMA,0.8978,0.011
2020_COVID_Crash,252,1,7,Ensemble,0.8692,0.0152
2020_COVID_Crash,252,1,8,Bi-RNN,0.792,0.017
2020_COVID_Crash,252,1,9,Mamba,0.7345,0.0178
2020_COVID_Crash,252,1,10,Bi-GRU,0.7143,0.017
2020_COVID_Crash,252,1,11,Ensemble,0.6655,0.02
2020_COVID_Crash,252,1,12,PatchTST,0.6455,0.0272
2020_COVID_Crash,252,1,13,Bi-LSTM,0.4675,0.0265
2020_COVID_Crash,252,1,14,SNN,0.18,0.0402
2020_COVID_Crash,252,1,15,SNN,-0.0239,0.0394
2020_COVID_Crash,252,1,16,PatchTST,-0.2995,0.0422
2020_COVID_Crash,252,5,1,ARIMA,0.6199,0.0223
2020_COVID_Crash,252,5,2,ARIMA,0.5877,0.0307
2020_COVID_Crash,252,5,3,Bi-GRU,0.5714,0.0295
2020_COVID_Crash,252,5,4,Mamba,0.5677,0.0299
2020_COVID_Crash,252,5,5,Ensemble,0.5616,0.0272
2020_COVID_Crash,252,5,6,Bi-LSTM,0.5539,0.0305
2020_COVID_Crash,252,5,7,Bi-RNN,0.5466,0.0305
2020_COVID_Crash,252,5,8,Bi-RNN,0.4628,0.0244
2020_COVID_Crash,252,5,9,Ensemble,0.4238,0.0247
2020_COVID_Crash,252,5,10,Bi-GRU,0.3399,0.0261
2020_COVID_Crash,252,5,11,Bi-LSTM,0.2878,0.0276
2020_COVID_Crash,252,5,12,PatchTST,0.2616,0.0357
2020_COVID_Crash,252,5,13,PatchTST,0.0278,0.0335
2020_COVID_Crash,252,5,14,Mamba,-0.0038,0.0413
2020_COVID_Crash,252,5,15,SNN,-0.0072,0.0454
2020_COVID_Crash,252,5,16,SNN,-0.2527,0.0385
2020_COVID_Crash,252,10,1,ARIMA,0.2001,0.0329
2020_COVID_Crash,252,10,2,ARIMA,0.1337,0.0418
2020_COVID_Crash,252,10,3,Ensemble,0.0324,0.036
2020_COVID_Crash,252,10,4,Bi-GRU,-0.0882,0.0411
2020_COVID_Crash,252,10,5,Bi-LSTM,-0.0909,0.0448
2020_COVID_Crash,252,10,6,Mamba,-0.1461,0.0426
2020_COVID_Crash,252,10,7,Bi-RNN,-0.1766,0.0367
2020_COVID_Crash,252,10,8,PatchTST,-0.1805,0.0415
2020_COVID_Crash,252,10,9,Bi-RNN,-0.2117,0.0425
2020_COVID_Crash,252,10,10,Ensemble,-0.2499,0.0347
2020_COVID_Crash,252,10,11,Bi-LSTM,-0.3425,0.0346
2020_COVID_Crash,252,10,12,SNN,-0.3769,0.0483
2020_COVID_Crash,252,10,13,Bi-GRU,-0.4967,0.0396
2020_COVID_Crash,252,10,14,Mamba,-0.9939,0.0522
2020_COVID_Crash,252,10,15,PatchTST,-1.3794,0.0596
2020_COVID_Crash,252,10,16,SNN,-1.4635,0.0579
2022_Rate_Hike,30,1,1,Bi-GRU,0.9712,0.0119
2022_Rate_Hike,30,1,2,Bi-RNN,0.9711,0.0116
2022_Rate_Hike,30,1,3,Mamba,0.9684,0.0125
2022_Rate_Hike,30,1,4,ARIMA,0.9675,0.0127
2022_Rate_Hike,30,1,5,Bi-LSTM,0.9654,0.0138
2022_Rate_Hike,30,1,6,Ensemble,0.9583,0.0147
2022_Rate_Hike,30,1,7,ARIMA,0.947,0.0098
2022_Rate_Hike,30,1,8,Mamba,0.912,0.0129
2022_Rate_Hike,30,1,9,Bi-RNN,0.9077,0.0132
2022_Rate_Hike,30,1,10,Bi-GRU,0.8953,0.0141
2022_Rate_Hike,30,1,11,Ensemble,0.879,0.0156
2022_Rate_Hike,30,1,12,SNN,0.8762,0.027
2022_Rate_Hike,30,1,13,PatchTST,0.8427,0.0289
2022_Rate_Hike,30,1,14,Bi-LSTM,0.8128,0.0187
2022_Rate_Hike,30,1,15,SNN,0.6129,0.0285
2022_Rate_Hike,30,1,16,PatchTST,-0.1156,0.0488
2022_Rate_Hike,30,5,1,Mamba,0.8585,0.0284
2022_Rate_Hike,30,5,2,Bi-RNN,0.8572,0.0287
2022_Rate_Hike,30,5,3,Bi-LSTM,0.8548,0.0289
2022_Rate_Hike,30,5,4,Bi-GRU,0.8543,0.0287
2022_Rate_Hike,30,5,5,ARIMA,0.8408,0.0287
2022_Rate_Hike,30,5,6,Ensemble,0.8407,0.0298
2022_Rate_Hike,30,5,7,ARIMA,0.7843,0.0204
2022_Rate_Hike,30,5,8,Mamba,0.7605,0.0207
2022_Rate_Hike,30,5,9,Bi-RNN,0.7602,0.0205
2022_Rate_Hike,30,5,10,SNN,0.7476,0.0375
2022_Rate_Hike,30,5,11,PatchTST,0.7381,0.0385
2022_Rate_Hike,30,5,12,Ensemble,0.7067,0.0233
2022_Rate_Hike,30,5,13,Bi-LSTM,0.6441,0.0257
2022_Rate_Hike,30,5,14,Bi-GRU,0.569,0.0279
2022_Rate_Hike,30,5,15,SNN,0.3243,0.0351
2022_Rate_Hike,30,5,16,PatchTST,-0.2876,0.0502
2022_Rate_Hike,30,10,1,Mamba,0.7067,0.0396
2022_Rate_Hike,30,10,2,Bi-GRU,0.7033,0.0393
2022_Rate_Hike,30,10,3,Bi-RNN,0.6792,0.0421
2022_Rate_Hike,30,10,4,Ensemble,0.6729,0.0418
2022_Rate_Hike,30,10,5,ARIMA,0.6611,0.0409
2022_Rate_Hike,30,10,6,Bi-LSTM,0.6541,0.0433
2022_Rate_Hike,30,10,7,ARIMA,0.5929,0.0284
2022_Rate_Hike,30,10,8,Bi-RNN,0.5843,0.0265
2022_Rate_Hike,30,10,9,PatchTST,0.565,0.0475
2022_Rate_Hike,30,10,10,SNN,0.5615,0.049
2022_Rate_Hike,30,10,11,SNN,0.408,0.0314
2022_Rate_Hike,30,10,12,Mamba,0.3556,0.0339
2022_Rate_Hike,30,10,13,Bi-GRU,0.3078,0.0347
2022_Rate_Hike,30,10,14,Ensemble,0.3037,0.0346
2022_Rate_Hike,30,10,15,Bi-LSTM,-0.1144,0.0437
2022_Rate_Hike,30,10,16,PatchTST,-0.6317,0.0543
2022_Rate_Hike,60,1,1,Bi-RNN,0.971,0.0119
2022_Rate_Hike,60,1,2,Bi-GRU,0.9705,0.0119
2022_Rate_Hike,60,1,3,Mamba,0.9699,0.0121
2022_Rate_Hike,60,1,4,Bi-LSTM,0.9684,0.013
2022_Rate_Hike,60,1,5,ARIMA,0.9676,0.0126
2022_Rate_Hike,60,1,6,Ensemble,0.9578,0.0148
2022_Rate_Hike,60,1,7,ARIMA,0.949,0.0095
2022_Rate_Hike,60,1,8,PatchTST,0.8857,0.0243
2022_Rate_Hike,60,1,9,Bi-GRU,0.8714,0.0154
2022_Rate_Hike,60,1,10,Ensemble,0.8607,0.0161
2022_Rate_Hike,60,1,11,Mamba,0.8595,0.0165
2022_Rate_Hike,60,1,12,Bi-RNN,0.8416,0.0171
2022_Rate_Hike,60,1,13,SNN,0.7925,0.0342
2022_Rate_Hike,60,1,14,Bi-LSTM,0.7556,0.0217
2022_Rate_Hike,60,1,15,SNN,0.4775,0.0325
2022_Rate_Hike,60,1,16,PatchTST,-0.4143,0.055
2022_Rate_Hike,60,5,1,Bi-RNN,0.8595,0.0284
2022_Rate_Hike,60,5,2,Mamba,0.8588,0.0287
2022_Rate_Hike,60,5,3,Bi-GRU,0.857,0.0285
2022_Rate_Hike,60,5,4,Bi-LSTM,0.8523,0.0291
2022_Rate_Hike,60,5,5,ARIMA,0.8491,0.0281
2022_Rate_Hike,60,5,6,Ensemble,0.8453,0.0296
2022_Rate_Hike,60,5,7,ARIMA,0.7839,0.0202
2022_Rate_Hike,60,5,8,Bi-RNN,0.7774,0.02
2022_Rate_Hike,60,5,9,Mamba,0.7686,0.0199
2022_Rate_Hike,60,5,10,PatchTST,0.735,0.0378
2022_Rate_Hike,60,5,11,Ensemble,0.7314,0.022
2022_Rate_Hike,60,5,12,Bi-GRU,0.6879,0.0237
2022_Rate_Hike,60,5,13,SNN,0.6647,0.0441
2022_Rate_Hike,60,5,14,SNN,0.4406,0.0322
2022_Rate_Hike,60,5,15,Bi-LSTM,0.3721,0.0339
2022_Rate_Hike,60,5,16,PatchTST,-1.3269,0.0713
2022_Rate_Hike,60,10,1,Bi-RNN,0.7161,0.038
2022_Rate_Hike,60,10,2,Mamba,0.7124,0.0391
2022_Rate_Hike,60,10,3,Bi-GRU,0.7119,0.0385
2022_Rate_Hike,60,10,4,ARIMA,0.7042,0.0387
2022_Rate_Hike,60,10,5,Ensemble,0.6975,0.0409
2022_Rate_Hike,60,10,6,Bi-LSTM,0.6764,0.0415
2022_Rate_Hike,60,10,7,ARIMA,0.5934,0.0282
2022_Rate_Hike,60,10,8,SNN,0.5681,0.0508
2022_Rate_Hike,60,10,9,PatchTST,0.5514,0.0482
2022_Rate_Hike,60,10,10,Mamba,0.5374,0.028
2022_Rate_Hike,60,10,11,Bi-RNN,0.5321,0.0282
2022_Rate_Hike,60,10,12,Ensemble,0.4344,0.0309
2022_Rate_Hike,60,10,13,Bi-LSTM,0.3228,0.0339
2022_Rate_Hike,60,10,14,Bi-GRU,0.172,0.0378
2022_Rate_Hike,60,10,15,SNN,0.0132,0.0403
2022_Rate_Hike,60,10,16,PatchTST,-1.8588,0.0754
2022_Rate_Hike,90,1,1,Bi-RNN,0.9705,0.0121
2022_Rate_Hike,90,1,2,Mamba,0.9689,0.0121
2022_Rate_Hike,90,1,3,Bi-LSTM,0.9689,0.0122
2022_Rate_Hike,90,1,4,ARIMA,0.9683,0.0126
2022_Rate_Hike,90,1,5,Bi-GRU,0.9673,0.0129
2022_Rate_Hike,90,1,6,ARIMA,0.9527,0.0092
2022_Rate_Hike,90,1,7,Ensemble,0.9422,0.0182
2022_Rate_Hike,90,1,8,Mamba,0.9289,0.0119
2022_Rate_Hike,90,1,9,Bi-RNN,0.8846,0.0148
2022_Rate_Hike,90,1,10,Bi-LSTM,0.8496,0.017
2022_Rate_Hike,90,1,11,Bi-GRU,0.8137,0.0187
2022_Rate_Hike,90,1,12,Ensemble,0.8055,0.0189
2022_Rate_Hike,90,1,13,PatchTST,0.7411,0.0383
2022_Rate_Hike,90,1,14,SNN,0.7156,0.0418
2022_Rate_Hike,90,1,15,SNN,0.5162,0.0305
2022_Rate_Hike,90,1,16,PatchTST,-1.6032,0.078
2022_Rate_Hike,90,5,1,Bi-RNN,0.8597,0.028
2022_Rate_Hike,90,5,2,ARIMA,0.8587,0.0283
2022_Rate_Hike,90,5,3,Bi-GRU,0.8554,0.0284
2022_Rate_Hike,90,5,4,Mamba,0.8523,0.0287
2022_Rate_Hike,90,5,5,Bi-LSTM,0.8451,0.0298
2022_Rate_Hike,90,5,6,Ensemble,0.8353,0.0303
2022_Rate_Hike,90,5,7,ARIMA,0.7851,0.0201
2022_Rate_Hike,90,5,8,Bi-RNN,0.7613,0.0205
2022_Rate_Hike,90,5,9,Mamba,0.7537,0.0204
2022_Rate_Hike,90,5,10,Ensemble,0.7386,0.0217
2022_Rate_Hike,90,5,11,Bi-GRU,0.7279,0.0223
2022_Rate_Hike,90,5,12,PatchTST,0.6964,0.0411
2022_Rate_Hike,90,5,13,Bi-LSTM,0.6562,0.025
2022_Rate_Hike,90,5,14,SNN,0.6024,0.0489
2022_Rate_Hike,90,5,15,SNN,-0.448,0.0542
2022_Rate_Hike,90,5,16,PatchTST,-2.1369,0.0844
2022_Rate_Hike,90,10,1,ARIMA,0.7144,0.0397
2022_Rate_Hike,90,10,2,Bi-GRU,0.7029,0.0396
2022_Rate_Hike,90,10,3,Bi-RNN,0.6954,0.041
2022_Rate_Hike,90,10,4,Mamba,0.6909,0.0413
2022_Rate_Hike,90,10,5,Bi-LSTM,0.6899,0.0406
2022_Rate_Hike,90,10,6,Ensemble,0.6751,0.0421
2022_Rate_Hike,90,10,7,Bi-LSTM,0.5968,0.0265
2022_Rate_Hike,90,10,8,ARIMA,0.5926,0.0283
2022_Rate_Hike,90,10,9,PatchTST,0.5565,0.0508
2022_Rate_Hike,90,10,10,Mamba,0.5517,0.0275
2022_Rate_Hike,90,10,11,SNN,0.4738,0.0302
2022_Rate_Hike,90,10,12,Ensemble,0.462,0.0299
2022_Rate_Hike,90,10,13,Bi-RNN,0.3635,0.0326
2022_Rate_Hike,90,10,14,SNN,0.3632,0.0588
2022_Rate_Hike,90,10,15,Bi-GRU,0.2616,0.0358
2022_Rate_Hike,90,10,16,PatchTST,-1.9504,0.0771
2022_Rate_Hike,120,1,1,Bi-RNN,0.9689,0.0121
2022_Rate_Hike,120,1,2,ARIMA,0.9687,0.0123
2022_Rate_Hike,120,1,3,Bi-GRU,0.9684,0.0122
2022_Rate_Hike,120,1,4,Bi-LSTM,0.9674,0.0127
2022_Rate_Hike,120,1,5,Mamba,0.9673,0.0126
2022_Rate_Hike,120,1,6,ARIMA,0.9532,0.0091
2022_Rate_Hike,120,1,7,Ensemble,0.9479,0.0167
2022_Rate_Hike,120,1,8,Mamba,0.9186,0.0128
2022_Rate_Hike,120,1,9,Bi-RNN,0.8952,0.0139
2022_Rate_Hike,120,1,10,Ensemble,0.8427,0.0171
2022_Rate_Hike,120,1,11,Bi-GRU,0.8266,0.0179
2022_Rate_Hike,120,1,12,PatchTST,0.8183,0.0313
2022_Rate_Hike,120,1,13,SNN,0.6872,0.0412
2022_Rate_Hike,120,1,14,Bi-LSTM,0.6691,0.0248
2022_Rate_Hike,120,1,15,SNN,0.2635,0.0376
2022_Rate_Hike,120,1,16,PatchTST,-1.7579,0.0821
2022_Rate_Hike,120,5,1,Mamba,0.8578,0.0283
2022_Rate_Hike,120,5,2,Bi-RNN,0.8567,0.0285
2022_Rate_Hike,120,5,3,ARIMA,0.8561,0.0284
2022_Rate_Hike,120,5,4,Ensemble,0.8506,0.0292
2022_Rate_Hike,120,5,5,Bi-GRU,0.8475,0.0295
2022_Rate_Hike,120,5,6,Bi-LSTM,0.846,0.0296
2022_Rate_Hike,120,5,7,PatchTST,0.8091,0.0328
2022_Rate_Hike,120,5,8,ARIMA,0.7877,0.02
2022_Rate_Hike,120,5,9,Mamba,0.769,0.0203
2022_Rate_Hike,120,5,10,Bi-RNN,0.7627,0.0206
2022_Rate_Hike,120,5,11,Bi-LSTM,0.6927,0.0238
2022_Rate_Hike,120,5,12,Ensemble,0.6747,0.0238
2022_Rate_Hike,120,5,13,SNN,0.6464,0.0258
2022_Rate_Hike,120,5,14,SNN,0.6339,0.0452
2022_Rate_Hike,120,5,15,Bi-GRU,0.5053,0.0298
2022_Rate_Hike,120,5,16,PatchTST,-1.7877,0.0785
2022_Rate_Hike,120,10,1,ARIMA,0.7197,0.0389
2022_Rate_Hike,120,10,2,Bi-RNN,0.701,0.0398
2022_Rate_Hike,120,10,3,Ensemble,0.6984,0.0406
2022_Rate_Hike,120,10,4,Bi-GRU,0.6973,0.0396
2022_Rate_Hike,120,10,5,Mamba,0.6963,0.0398
2022_Rate_Hike,120,10,6,Bi-LSTM,0.6704,0.0415
2022_Rate_Hike,120,10,7,ARIMA,0.5935,0.0282
2022_Rate_Hike,120,10,8,PatchTST,0.5817,0.0456
2022_Rate_Hike,120,10,9,Mamba,0.5756,0.0271
2022_Rate_Hike,120,10,10,SNN,0.5421,0.0504
2022_Rate_Hike,120,10,11,Bi-RNN,0.2455,0.0359
2022_Rate_Hike,120,10,12,SNN,0.169,0.0382
2022_Rate_Hike,120,10,13,Bi-GRU,0.1209,0.0391
2022_Rate_Hike,120,10,14,Ensemble,0.0823,0.0392
2022_Rate_Hike,120,10,15,Bi-LSTM,-0.391,0.0501
2022_Rate_Hike,120,10,16,PatchTST,-3.1158,0.0937
2022_Rate_Hike,252,1,1,ARIMA,0.97,0.0119
2022_Rate_Hike,252,1,2,Mamba,0.9696,0.0123
2022_Rate_Hike,252,1,3,Bi-GRU,0.9689,0.0121
2022_Rate_Hike,252,1,4,Bi-LSTM,0.9681,0.0122
2022_Rate_Hike,252,1,5,Bi-RNN,0.9669,0.0129
2022_Rate_Hike,252,1,6,ARIMA,0.954,0.0091
2022_Rate_Hike,252,1,7,Ensemble,0.9491,0.0163
2022_Rate_Hike,252,1,8,Bi-RNN,0.9098,0.013
2022_Rate_Hike,252,1,9,Mamba,0.9017,0.0134
2022_Rate_Hike,252,1,10,Bi-GRU,0.8881,0.0146
2022_Rate_Hike,252,1,11,Ensemble,0.8158,0.0186
2022_Rate_Hike,252,1,12,PatchTST,0.7355,0.0354
2022_Rate_Hike,252,1,13,Bi-LSTM,0.7264,0.0227
2022_Rate_Hike,252,1,14,SNN,0.6533,0.043
2022_Rate_Hike,252,1,15,SNN,-0.1892,0.0502
2022_Rate_Hike,252,1,16,PatchTST,-2.2232,0.0859
2022_Rate_Hike,252,5,1,ARIMA,0.8594,0.0281
2022_Rate_Hike,252,5,2,Bi-RNN,0.859,0.0281
2022_Rate_Hike,252,5,3,Bi-LSTM,0.8588,0.0282
2022_Rate_Hike,252,5,4,Bi-GRU,0.8588,0.0282
2022_Rate_Hike,252,5,5,Ensemble,0.8511,0.0286
2022_Rate_Hike,252,5,6,Mamba,0.8507,0.0288
2022_Rate_Hike,252,5,7,ARIMA,0.7895,0.0199
2022_Rate_Hike,252,5,8,Mamba,0.7447,0.0214
2022_Rate_Hike,252,5,9,PatchTST,0.6633,0.0436
2022_Rate_Hike,252,5,10,SNN,0.6253,0.0437
2022_Rate_Hike,252,5,11,Bi-GRU,0.5812,0.0273
2022_Rate_Hike,252,5,12,Bi-LSTM,0.581,0.0274
2022_Rate_Hike,252,5,13,Ensemble,0.4419,0.0314
2022_Rate_Hike,252,5,14,SNN,0.1961,0.0378
2022_Rate_Hike,252,5,15,Bi-RNN,-0.1865,0.0509
2022_Rate_Hike,252,5,16,PatchTST,-2.399,0.0848
2022_Rate_Hike,252,10,1,ARIMA,0.7305,0.038
2022_Rate_Hike,252,10,2,Mamba,0.7277,0.0374
2022_Rate_Hike,252,10,3,Ensemble,0.7142,0.0393
2022_Rate_Hike,252,10,4,Bi-RNN,0.7038,0.039
2022_Rate_Hike,252,10,5,Bi-GRU,0.6969,0.0392
2022_Rate_Hike,252,10,6,Bi-LSTM,0.6725,0.0404
2022_Rate_Hike,252,10,7,Bi-RNN,0.6222,0.0252
2022_Rate_Hike,252,10,8,SNN,0.6068,0.0448
2022_Rate_Hike,252,10,9,ARIMA,0.598,0.0281
2022_Rate_Hike,252,10,10,Bi-LSTM,0.5265,0.0284
2022_Rate_Hike,252,10,11,PatchTST,0.5158,0.0552
2022_Rate_Hike,252,10,12,Mamba,0.4543,0.0304
2022_Rate_Hike,252,10,13,Ensemble,0.3255,0.0332
2022_Rate_Hike,252,10,14,Bi-GRU,-0.1094,0.0445
2022_Rate_Hike,252,10,15,SNN,-0.1464,0.0453
2022_Rate_Hike,252,10,16,PatchTST,-6.5108,0.1271
2023_AI_Wave,30,1,1,ARIMA,0.9732,0.0055
2023_AI_Wave,30,1,2,Bi-GRU,0.967,0.0086
2023_AI_Wave,30,1,3,Bi-RNN,0.9664,0.0087
2023_AI_Wave,30,1,4,Bi-LSTM,0.9661,0.0087
2023_AI_Wave,30,1,5,Mamba,0.9643,0.009
2023_AI_Wave,30,1,6,ARIMA,0.9623,0.0093
2023_AI_Wave,30,1,7,Ensemble,0.9574,0.0102
2023_AI_Wave,30,1,8,Bi-GRU,0.9522,0.0075
2023_AI_Wave,30,1,9,Mamba,0.9302,0.0089
2023_AI_Wave,30,1,10,Bi-LSTM,0.891,0.0116
2023_AI_Wave,30,1,11,Bi-RNN,0.8793,0.0122
2023_AI_Wave,30,1,12,SNN,0.8723,0.0168
2023_AI_Wave,30,1,13,Ensemble,0.8504,0.0139
2023_AI_Wave,30,1,14,PatchTST,0.8331,0.02
2023_AI_Wave,30,1,15,PatchTST,0.7947,0.0155
2023_AI_Wave,30,1,16,SNN,-0.6056,0.0496
2023_AI_Wave,30,5,1,ARIMA,0.8728,0.0121
2023_AI_Wave,30,5,2,Mamba,0.8593,0.0183
2023_AI_Wave,30,5,3,Bi-GRU,0.8572,0.0185
2023_AI_Wave,30,5,4,Bi-LSTM,0.8502,0.019
2023_AI_Wave,30,5,5,Ensemble,0.8488,0.019
2023_AI_Wave,30,5,6,Bi-RNN,0.8426,0.0196
2023_AI_Wave,30,5,7,ARIMA,0.8402,0.0196
2023_AI_Wave,30,5,8,Bi-GRU,0.84,0.0136
2023_AI_Wave,30,5,9,Mamba,0.8392,0.0129
2023_AI_Wave,30,5,10,Bi-RNN,0.7954,0.0152
2023_AI_Wave,30,5,11,Bi-LSTM,0.7749,0.0158
2023_AI_Wave,30,5,12,PatchTST,0.7551,0.0239
2023_AI_Wave,30,5,13,SNN,0.7514,0.0238
2023_AI_Wave,30,5,14,Ensemble,0.5996,0.022
2023_AI_Wave,30,5,15,PatchTST,0.405,0.0265
2023_AI_Wave,30,5,16,SNN,-1.7926,0.063
2023_AI_Wave,30,10,1,ARIMA,0.7387,0.0182
2023_AI_Wave,30,10,2,Mamba,0.7075,0.0261
2023_AI_Wave,30,10,3,Bi-LSTM,0.7005,0.0263
2023_AI_Wave,30,10,4,Bi-RNN,0.6933,0.0269
2023_AI_Wave,30,10,5,ARIMA,0.6839,0.0268
2023_AI_Wave,30,10,6,Ensemble,0.6742,0.0274
2023_AI_Wave,30,10,7,Bi-GRU,0.6582,0.0284
2023_AI_Wave,30,10,8,Bi-GRU,0.6491,0.0208
2023_AI_Wave,30,10,9,Mamba,0.6374,0.0209
2023_AI_Wave,30,10,10,PatchTST,0.5786,0.0303
2023_AI_Wave,30,10,11,Bi-RNN,0.5332,0.0236
2023_AI_Wave,30,10,12,SNN,0.4394,0.0333
2023_AI_Wave,30,10,13,Ensemble,0.2192,0.0305
2023_AI_Wave,30,10,14,PatchTST,0.2113,0.03
2023_AI_Wave,30,10,15,Bi-LSTM,-0.0919,0.0373
2023_AI_Wave,30,10,16,SNN,-2.1582,0.0659
2023_AI_Wave,60,1,1,ARIMA,0.9758,0.0052
2023_AI_Wave,60,1,2,Mamba,0.9673,0.0085
2023_AI_Wave,60,1,3,Bi-LSTM,0.967,0.0087
2023_AI_Wave,60,1,4,Bi-GRU,0.9659,0.0089
2023_AI_Wave,60,1,5,ARIMA,0.965,0.0089
2023_AI_Wave,60,1,6,Bi-RNN,0.9642,0.009
2023_AI_Wave,60,1,7,Mamba,0.9522,0.0077
2023_AI_Wave,60,1,8,Ensemble,0.9489,0.0106
2023_AI_Wave,60,1,9,Bi-GRU,0.9477,0.0079
2023_AI_Wave,60,1,10,PatchTST,0.8915,0.0156
2023_AI_Wave,60,1,11,Bi-RNN,0.8777,0.0122
2023_AI_Wave,60,1,12,Bi-LSTM,0.6506,0.0206
2023_AI_Wave,60,1,13,SNN,0.5973,0.0281
2023_AI_Wave,60,1,14,Ensemble,0.4776,0.0259
2023_AI_Wave,60,1,15,PatchTST,-0.6092,0.0433
2023_AI_Wave,60,1,16,SNN,-3.1843,0.0785
2023_AI_Wave,60,5,1,ARIMA,0.8741,0.012
2023_AI_Wave,60,5,2,Bi-LSTM,0.858,0.0186
2023_AI_Wave,60,5,3,Mamba,0.8501,0.0132
2023_AI_Wave,60,5,4,Bi-GRU,0.8457,0.0191
2023_AI_Wave,60,5,5,Bi-RNN,0.8454,0.0195
2023_AI_Wave,60,5,6,Bi-RNN,0.8414,0.0133
2023_AI_Wave,60,5,7,Mamba,0.8364,0.0196
2023_AI_Wave,60,5,8,ARIMA,0.8358,0.0198
2023_AI_Wave,60,5,9,Ensemble,0.8265,0.0199
2023_AI_Wave,60,5,10,Bi-GRU,0.816,0.0147
2023_AI_Wave,60,5,11,PatchTST,0.7882,0.022
2023_AI_Wave,60,5,12,PatchTST,0.6784,0.0197
2023_AI_Wave,60,5,13,Ensemble,0.57,0.0226
2023_AI_Wave,60,5,14,SNN,0.4056,0.0347
2023_AI_Wave,60,5,15,Bi-LSTM,0.2058,0.0311
2023_AI_Wave,60,5,16,SNN,-2.2881,0.0667
2023_AI_Wave,60,10,1,Mamba,0.7396,0.0245
2023_AI_Wave,60,10,2,ARIMA,0.7363,0.0186
2023_AI_Wave,60,10,3,Bi-GRU,0.7091,0.019
2023_AI_Wave,60,10,4,Bi-GRU,0.703,0.0264
2023_AI_Wave,60,10,5,ARIMA,0.693,0.0274
2023_AI_Wave,60,10,6,Ensemble,0.6799,0.0271
2023_AI_Wave,60,10,7,Bi-LSTM,0.6794,0.0274
2023_AI_Wave,60,10,8,Bi-RNN,0.6772,0.0276
2023_AI_Wave,60,10,9,PatchTST,0.6301,0.0293
2023_AI_Wave,60,10,10,Bi-RNN,0.6191,0.0209
2023_AI_Wave,60,10,11,PatchTST,0.6054,0.0212
2023_AI_Wave,60,10,12,Mamba,0.582,0.0224
2023_AI_Wave,60,10,13,Ensemble,0.318,0.0284
2023_AI_Wave,60,10,14,SNN,0.3109,0.0366
2023_AI_Wave,60,10,15,Bi-LSTM,-0.7381,0.0487
2023_AI_Wave,60,10,16,SNN,-1.7138,0.0572
2023_AI_Wave,90,1,1,ARIMA,0.9766,0.0051
2023_AI_Wave,90,1,2,Mamba,0.9688,0.0062
2023_AI_Wave,90,1,3,Mamba,0.9674,0.0085
2023_AI_Wave,90,1,4,Bi-GRU,0.9666,0.0087
2023_AI_Wave,90,1,5,Bi-RNN,0.9657,0.0088
2023_AI_Wave,90,1,6,Bi-LSTM,0.9656,0.0089
2023_AI_Wave,90,1,7,ARIMA,0.965,0.0088
2023_AI_Wave,90,1,8,Bi-GRU,0.9539,0.0074
2023_AI_Wave,90,1,9,Ensemble,0.9341,0.0115
2023_AI_Wave,90,1,10,Bi-LSTM,0.9104,0.0103
2023_AI_Wave,90,1,11,Bi-RNN,0.7342,0.0188
2023_AI_Wave,90,1,12,PatchTST,0.7141,0.0248
2023_AI_Wave,90,1,13,PatchTST,0.6536,0.0215
2023_AI_Wave,90,1,14,Ensemble,0.5597,0.0247
2023_AI_Wave,90,1,15,SNN,0.3356,0.0342
2023_AI_Wave,90,1,16,SNN,-5.3697,0.0995
2023_AI_Wave,90,5,1,ARIMA,0.8736,0.0121
2023_AI_Wave,90,5,2,Bi-GRU,0.8521,0.019
2023_AI_Wave,90,5,3,Bi-RNN,0.8476,0.0192
2023_AI_Wave,90,5,4,Mamba,0.8426,0.0195
2023_AI_Wave,90,5,5,ARIMA,0.8411,0.0195
2023_AI_Wave,90,5,6,Bi-LSTM,0.8372,0.0195
2023_AI_Wave,90,5,7,Bi-GRU,0.8371,0.0136
2023_AI_Wave,90,5,8,Ensemble,0.833,0.0191
2023_AI_Wave,90,5,9,Mamba,0.8259,0.014
2023_AI_Wave,90,5,10,Bi-RNN,0.8001,0.015
2023_AI_Wave,90,5,11,PatchTST,0.7353,0.0235
2023_AI_Wave,90,5,12,Ensemble,0.473,0.0258
2023_AI_Wave,90,5,13,Bi-LSTM,0.33,0.0299
2023_AI_Wave,90,5,14,SNN,0.2089,0.0355
2023_AI_Wave,90,5,15,PatchTST,-0.4247,0.0425
2023_AI_Wave,90,5,16,SNN,-0.9147,0.0491
2023_AI_Wave,90,10,1,ARIMA,0.737,0.0186
2023_AI_Wave,90,10,2,Bi-LSTM,0.7291,0.0248
2023_AI_Wave,90,10,3,Mamba,0.7226,0.0254
2023_AI_Wave,90,10,4,Ensemble,0.7129,0.0246
2023_AI_Wave,90,10,5,ARIMA,0.6982,0.0269
2023_AI_Wave,90,10,6,Bi-RNN,0.693,0.019
2023_AI_Wave,90,10,7,Bi-GRU,0.6867,0.027
2023_AI_Wave,90,10,8,Bi-RNN,0.674,0.0278
2023_AI_Wave,90,10,9,Mamba,0.6689,0.0199
2023_AI_Wave,90,10,10,Bi-GRU,0.6517,0.0206
2023_AI_Wave,90,10,11,PatchTST,0.4801,0.025
2023_AI_Wave,90,10,12,PatchTST,0.4773,0.0287
2023_AI_Wave,90,10,13,Ensemble,0.3715,0.0275
2023_AI_Wave,90,10,14,SNN,-0.0406,0.046
2023_AI_Wave,90,10,15,Bi-LSTM,-0.7657,0.0492
2023_AI_Wave,90,10,16,SNN,-0.888,0.0481
2023_AI_Wave,120,1,1,ARIMA,0.9764,0.0052
2023_AI_Wave,120,1,2,Mamba,0.9678,0.0085
2023_AI_Wave,120,1,3,Bi-LSTM,0.967,0.0087
2023_AI_Wave,120,1,4,Bi-GRU,0.9667,0.0087
2023_AI_Wave,120,1,5,Bi-RNN,0.9656,0.0088
2023_AI_Wave,120,1,6,ARIMA,0.9654,0.0089
2023_AI_Wave,120,1,7,Mamba,0.9585,0.0071
2023_AI_Wave,120,1,8,Bi-LSTM,0.9537,0.0072
2023_AI_Wave,120,1,9,Bi-GRU,0.9437,0.0083
2023_AI_Wave,120,1,10,Bi-RNN,0.9278,0.0094
2023_AI_Wave,120,1,11,Ensemble,0.9262,0.0121
2023_AI_Wave,120,1,12,Ensemble,0.884,0.0117
2023_AI_Wave,120,1,13,PatchTST,0.8585,0.017
2023_AI_Wave,120,1,14,PatchTST,0.766,0.0164
2023_AI_Wave,120,1,15,SNN,-0.0596,0.0444
2023_AI_Wave,120,1,16,SNN,-0.2717,0.0397
2023_AI_Wave,120,5,1,ARIMA,0.8786,0.0118
2023_AI_Wave,120,5,2,Mamba,0.8591,0.0183
2023_AI_Wave,120,5,3,Bi-GRU,0.8562,0.0188
2023_AI_Wave,120,5,4,Bi-LSTM,0.8552,0.0187
2023_AI_Wave,120,5,5,Bi-RNN,0.8459,0.0193
2023_AI_Wave,120,5,6,ARIMA,0.8432,0.0195
2023_AI_Wave,120,5,7,Mamba,0.8364,0.0134
2023_AI_Wave,120,5,8,Bi-GRU,0.8337,0.014
2023_AI_Wave,120,5,9,Ensemble,0.8262,0.0191
2023_AI_Wave,120,5,10,Bi-RNN,0.7815,0.0156
2023_AI_Wave,120,5,11,Bi-LSTM,0.6908,0.019
2023_AI_Wave,120,5,12,PatchTST,0.6502,0.0267
2023_AI_Wave,120,5,13,Ensemble,0.6432,0.0202
2023_AI_Wave,120,5,14,PatchTST,0.3791,0.0269
2023_AI_Wave,120,5,15,SNN,-0.1027,0.0467
2023_AI_Wave,120,5,16,SNN,-0.572,0.041
2023_AI_Wave,120,10,1,Mamba,0.7627,0.0232
2023_AI_Wave,120,10,2,Bi-RNN,0.753,0.0236
2023_AI_Wave,120,10,3,ARIMA,0.747,0.0181
2023_AI_Wave,120,10,4,Bi-GRU,0.7288,0.0249
2023_AI_Wave,120,10,5,Bi-LSTM,0.7217,0.0253
2023_AI_Wave,120,10,6,Ensemble,0.7161,0.024
2023_AI_Wave,120,10,7,Bi-GRU,0.7111,0.0187
2023_AI_Wave,120,10,8,Mamba,0.7086,0.0187
2023_AI_Wave,120,10,9,ARIMA,0.6945,0.0271
2023_AI_Wave,120,10,10,PatchTST,0.5571,0.0221
2023_AI_Wave,120,10,11,Ensemble,0.5384,0.0228
2023_AI_Wave,120,10,12,Bi-RNN,0.393,0.0271
2023_AI_Wave,120,10,13,Bi-LSTM,0.1689,0.0316
2023_AI_Wave,120,10,14,SNN,0.1381,0.0292
2023_AI_Wave,120,10,15,PatchTST,0.1376,0.038
2023_AI_Wave,120,10,16,SNN,-0.0856,0.0451
2023_AI_Wave,252,1,1,ARIMA,0.977,0.0051
2023_AI_Wave,252,1,2,Mamba,0.9707,0.0058
2023_AI_Wave,252,1,3,Mamba,0.9681,0.0084
2023_AI_Wave,252,1,4,Bi-RNN,0.967,0.0086
2023_AI_Wave,252,1,5,Bi-GRU,0.9663,0.0087
2023_AI_Wave,252,1,6,ARIMA,0.9661,0.0088
2023_AI_Wave,252,1,7,Bi-LSTM,0.9661,0.0088
2023_AI_Wave,252,1,8,Bi-GRU,0.9501,0.0077
2023_AI_Wave,252,1,9,Bi-RNN,0.9303,0.0092
2023_AI_Wave,252,1,10,Ensemble,0.9076,0.0142
2023_AI_Wave,252,1,11,Bi-LSTM,0.9039,0.0107
2023_AI_Wave,252,1,12,Ensemble,0.8711,0.0123
2023_AI_Wave,252,1,13,PatchTST,0.5989,0.03
2023_AI_Wave,252,1,14,SNN,0.4283,0.026
2023_AI_Wave,252,1,15,PatchTST,0.2837,0.0299
2023_AI_Wave,252,1,16,SNN,-0.2544,0.056
2023_AI_Wave,252,5,1,ARIMA,0.8788,0.0119
2023_AI_Wave,252,5,2,Mamba,0.8584,0.0185
2023_AI_Wave,252,5,3,Bi-LSTM,0.8567,0.0186
2023_AI_Wave,252,5,4,Bi-GRU,0.8559,0.0187
2023_AI_Wave,252,5,5,Bi-RNN,0.8547,0.0189
2023_AI_Wave,252,5,6,ARIMA,0.8473,0.0192
2023_AI_Wave,252,5,7,Bi-GRU,0.8425,0.0134
2023_AI_Wave,252,5,8,Mamba,0.8119,0.0149
2023_AI_Wave,252,5,9,Bi-LSTM,0.7996,0.0148
2023_AI_Wave,252,5,10,Bi-RNN,0.7198,0.0187
2023_AI_Wave,252,5,11,Ensemble,0.7178,0.0247
2023_AI_Wave,252,5,12,Ensemble,0.5662,0.023
2023_AI_Wave,252,5,13,SNN,-0.0941,0.0369
2023_AI_Wave,252,5,14,SNN,-0.3247,0.0568
2023_AI_Wave,252,5,15,PatchTST,-1.1339,0.0532
2023_AI_Wave,252,5,16,PatchTST,-1.8776,0.0906
2023_AI_Wave,252,10,1,Bi-GRU,0.7583,0.0233
2023_AI_Wave,252,10,2,Mamba,0.7576,0.0236
2023_AI_Wave,252,10,3,ARIMA,0.7521,0.018
2023_AI_Wave,252,10,4,Bi-RNN,0.7472,0.0239
2023_AI_Wave,252,10,5,Ensemble,0.7233,0.0227
2023_AI_Wave,252,10,6,Bi-LSTM,0.7141,0.0257
2023_AI_Wave,252,10,7,ARIMA,0.7028,0.0266
2023_AI_Wave,252,10,8,Mamba,0.6798,0.0195
2023_AI_Wave,252,10,9,Bi-GRU,0.6103,0.0218
2023_AI_Wave,252,10,10,Bi-RNN,0.5234,0.0239
2023_AI_Wave,252,10,11,Ensemble,0.1451,0.0324
2023_AI_Wave,252,10,12,Bi-LSTM,0.0859,0.0333
2023_AI_Wave,252,10,13,PatchTST,0.0749,0.0432
2023_AI_Wave,252,10,14,PatchTST,-0.1026,0.0361
2023_AI_Wave,252,10,15,SNN,-0.353,0.0554
2023_AI_Wave,252,10,16,SNN,-3.3504,0.0794
