Flag,Severity,Model,Period,Window,Horizon,Value,Note
NEGATIVE_R2,CRITICAL,PatchTST,2008_Financial_Crisis,30,10,R2=-0.4109,Model is WORSE than predicting the mean
NEGATIVE_R2,CRITICAL,PatchTST,2008_Financial_Crisis,60,5,R2=-1.5284,Model is WORSE than predicting the mean
NEGATIVE_R2,CRITICAL,PatchTST,2008_Financial_Crisis,90,1,R2=-0.2849,Model is WORSE than predicting the mean
NEGATIVE_R2,CRITICAL,SNN,2008_Financial_Crisis,90,1,R2=-0.8350,Model is WORSE than predicting the mean
NEGATIVE_R2,CRITICAL,PatchTST,2008_Financial_Crisis,90,5,R2=-0.3405,Model is WORSE than predicting the mean
NEGATIVE_R2,CRITICAL,PatchTST,2008_Financial_Crisis,120,5,R2=-1.2898,Model is WORSE than predicting the mean
NEGATIVE_R2,CRITICAL,Bi-RNN,2008_Financial_Crisis,252,1,R2=-0.6575,Model is WORSE than predicting the mean
NEGATIVE_R2,CRITICAL,PatchTST,2008_Financial_Crisis,252,5,R2=-0.8694,Model is WORSE than predicting the mean
NEGATIVE_R2,CRITICAL,Bi-RNN,2008_Financial_Crisis,252,10,R2=-0.6174,Model is WORSE than predicting the mean
NEGATIVE_R2,CRITICAL,PatchTST,2008_Financial_Crisis,252,10,R2=-0.1663,Model is WORSE than predicting the mean
NEGATIVE_R2,CRITICAL,PatchTST,2010_Euro_Debt_Crisis,30,1,R2=-0.0361,Model is WORSE than predicting the mean
NEGATIVE_R2,CRITICAL,PatchTST,2010_Euro_Debt_Crisis,30,5,R2=-1.6194,Model is WORSE than predicting the mean
NEGATIVE_R2,CRITICAL,PatchTST,2010_Euro_Debt_Crisis,30,10,R2=-0.6060,Model is WORSE than predicting the mean
NEGATIVE_R2,CRITICAL,PatchTST,2010_Euro_Debt_Crisis,60,1,R2=-0.9066,Model is WORSE than predicting the mean
NEGATIVE_R2,CRITICAL,PatchTST,2010_Euro_Debt_Crisis,60,5,R2=-0.5849,Model is WORSE than predicting the mean
NEGATIVE_R2,CRITICAL,PatchTST,2010_Euro_Debt_Crisis,60,10,R2=-0.5680,Model is WORSE than predicting the mean
NEGATIVE_R2,CRITICAL,PatchTST,2010_Euro_Debt_Crisis,90,5,R2=-3.7933,Model is WORSE than predicting the mean
NEGATIVE_R2,CRITICAL,SNN,2010_Euro_Debt_Crisis,120,1,R2=-0.6001,Model is WORSE than predicting the mean
NEGATIVE_R2,CRITICAL,PatchTST,2010_Euro_Debt_Crisis,120,5,R2=-1.2627,Model is WORSE than predicting the mean
NEGATIVE_R2,CRITICAL,PatchTST,2010_Euro_Debt_Crisis,120,10,R2=-1.9761,Model is WORSE than predicting the mean
NEGATIVE_R2,CRITICAL,PatchTST,2010_Euro_Debt_Crisis,252,1,R2=-2.3158,Model is WORSE than predicting the mean
NEGATIVE_R2,CRITICAL,SNN,2010_Euro_Debt_Crisis,252,1,R2=-1.2682,Model is WORSE than predicting the mean
NEGATIVE_R2,CRITICAL,Bi-GRU,2010_Euro_Debt_Crisis,252,5,R2=-1.0793,Model is WORSE than predicting the mean
NEGATIVE_R2,CRITICAL,PatchTST,2010_Euro_Debt_Crisis,252,5,R2=-0.8613,Model is WORSE than predicting the mean
NEGATIVE_R2,CRITICAL,SNN,2010_Euro_Debt_Crisis,252,5,R2=-0.1066,Model is WORSE than predicting the mean
NEGATIVE_R2,CRITICAL,Bi-GRU,2010_Euro_Debt_Crisis,252,10,R2=-0.7144,Model is WORSE than predicting the mean
NEGATIVE_R2,CRITICAL,PatchTST,2010_Euro_Debt_Crisis,252,10,R2=-1.7327,Model is WORSE than predicting the mean
NEGATIVE_R2,CRITICAL,SNN,2010_Euro_Debt_Crisis,252,10,R2=-0.3544,Model is WORSE than predicting the mean
NEGATIVE_R2,CRITICAL,PatchTST,2015_China_Crash,30,1,R2=-3.4323,Model is WORSE than predicting the mean
NEGATIVE_R2,CRITICAL,PatchTST,2015_China_Crash,30,5,R2=-8.1591,Model is WORSE than predicting the mean
NEGATIVE_R2,CRITICAL,PatchTST,2015_China_Crash,30,10,R2=-0.2522,Model is WORSE than predicting the mean
NEGATIVE_R2,CRITICAL,Mamba,2015_China_Crash,30,10,R2=-0.0316,Model is WORSE than predicting the mean
NEGATIVE_R2,CRITICAL,SNN,2015_China_Crash,30,10,R2=-0.0942,Model is WORSE than predicting the mean
NEGATIVE_R2,CRITICAL,PatchTST,2015_China_Crash,60,1,R2=-0.0637,Model is WORSE than predicting the mean
NEGATIVE_R2,CRITICAL,PatchTST,2015_China_Crash,60,5,R2=-3.3535,Model is WORSE than predicting the mean
NEGATIVE_R2,CRITICAL,PatchTST,2015_China_Crash,60,10,R2=-0.3680,Model is WORSE than predicting the mean
NEGATIVE_R2,CRITICAL,SNN,2015_China_Crash,60,10,R2=-0.0123,Model is WORSE than predicting the mean
NEGATIVE_R2,CRITICAL,PatchTST,2015_China_Crash,90,5,R2=-0.9339,Model is WORSE than predicting the mean
NEGATIVE_R2,CRITICAL,PatchTST,2015_China_Crash,90,10,R2=-0.6847,Model is WORSE than predicting the mean
NEGATIVE_R2,CRITICAL,SNN,2015_China_Crash,90,10,R2=-0.2905,Model is WORSE than predicting the mean
NEGATIVE_R2,CRITICAL,PatchTST,2015_China_Crash,120,1,R2=-2.9486,Model is WORSE than predicting the mean
NEGATIVE_R2,CRITICAL,SNN,2015_China_Crash,120,1,R2=-0.6858,Model is WORSE than predicting the mean
NEGATIVE_R2,CRITICAL,PatchTST,2015_China_Crash,120,5,R2=-0.2301,Model is WORSE than predicting the mean
NEGATIVE_R2,CRITICAL,SNN,2015_China_Crash,120,5,R2=-0.3506,Model is WORSE than predicting the mean
NEGATIVE_R2,CRITICAL,PatchTST,2015_China_Crash,120,10,R2=-2.3465,Model is WORSE than predicting the mean
NEGATIVE_R2,CRITICAL,SNN,2015_China_Crash,120,10,R2=-0.1836,Model is WORSE than predicting the mean
NEGATIVE_R2,CRITICAL,PatchTST,2015_China_Crash,252,1,R2=-0.1279,Model is WORSE than predicting the mean
NEGATIVE_R2,CRITICAL,SNN,2015_China_Crash,252,1,R2=-0.9929,Model is WORSE than predicting the mean
NEGATIVE_R2,CRITICAL,SNN,2015_China_Crash,252,5,R2=-0.2916,Model is WORSE than predicting the mean
NEGATIVE_R2,CRITICAL,PatchTST,2015_China_Crash,252,10,R2=-0.3043,Model is WORSE than predicting the mean
NEGATIVE_R2,CRITICAL,PatchTST,2018_Trade_War,30,1,R2=-0.9635,Model is WORSE than predicting the mean
NEGATIVE_R2,CRITICAL,PatchTST,2018_Trade_War,30,5,R2=-0.4942,Model is WORSE than predicting the mean
NEGATIVE_R2,CRITICAL,Bi-GRU,2018_Trade_War,30,10,R2=-0.1261,Model is WORSE than predicting the mean
NEGATIVE_R2,CRITICAL,PatchTST,2018_Trade_War,30,10,R2=-1.6935,Model is WORSE than predicting the mean
NEGATIVE_R2,CRITICAL,SNN,2018_Trade_War,30,10,R2=-1.3186,Model is WORSE than predicting the mean
NEGATIVE_R2,CRITICAL,PatchTST,2018_Trade_War,60,1,R2=-0.3346,Model is WORSE than predicting the mean
NEGATIVE_R2,CRITICAL,PatchTST,2018_Trade_War,60,5,R2=-0.1008,Model is WORSE than predicting the mean
NEGATIVE_R2,CRITICAL,SNN,2018_Trade_War,60,5,R2=-0.6944,Model is WORSE than predicting the mean
NEGATIVE_R2,CRITICAL,Bi-GRU,2018_Trade_War,60,10,R2=-0.1784,Model is WORSE than predicting the mean
NEGATIVE_R2,CRITICAL,Bi-LSTM,2018_Trade_War,60,10,R2=-0.2810,Model is WORSE than predicting the mean
NEGATIVE_R2,CRITICAL,PatchTST,2018_Trade_War,60,10,R2=-0.7302,Model is WORSE than predicting the mean
NEGATIVE_R2,CRITICAL,SNN,2018_Trade_War,60,10,R2=-0.0551,Model is WORSE than predicting the mean
NEGATIVE_R2,CRITICAL,PatchTST,2018_Trade_War,90,1,R2=-1.0823,Model is WORSE than predicting the mean
NEGATIVE_R2,CRITICAL,PatchTST,2018_Trade_War,90,5,R2=-1.0751,Model is WORSE than predicting the mean
NEGATIVE_R2,CRITICAL,Bi-GRU,2018_Trade_War,90,10,R2=-0.1379,Model is WORSE than predicting the mean
NEGATIVE_R2,CRITICAL,Bi-LSTM,2018_Trade_War,90,10,R2=-5.8144,Model is WORSE than predicting the mean
NEGATIVE_R2,CRITICAL,PatchTST,2018_Trade_War,90,10,R2=-0.1516,Model is WORSE than predicting the mean
NEGATIVE_R2,CRITICAL,SNN,2018_Trade_War,90,10,R2=-0.2701,Model is WORSE than predicting the mean
NEGATIVE_R2,CRITICAL,Ensemble,2018_Trade_War,90,10,R2=-0.0375,Model is WORSE than predicting the mean
NEGATIVE_R2,CRITICAL,Bi-LSTM,2018_Trade_War,120,5,R2=-0.0010,Model is WORSE than predicting the mean
NEGATIVE_R2,CRITICAL,PatchTST,2018_Trade_War,120,5,R2=-0.1184,Model is WORSE than predicting the mean
NEGATIVE_R2,CRITICAL,Bi-LSTM,2018_Trade_War,120,10,R2=-0.1317,Model is WORSE than predicting the mean
NEGATIVE_R2,CRITICAL,PatchTST,2018_Trade_War,120,10,R2=-0.6538,Model is WORSE than predicting the mean
NEGATIVE_R2,CRITICAL,SNN,2018_Trade_War,120,10,R2=-0.5634,Model is WORSE than predicting the mean
NEGATIVE_R2,CRITICAL,Bi-GRU,2018_Trade_War,252,10,R2=-0.2586,Model is WORSE than predicting the mean
NEGATIVE_R2,CRITICAL,Bi-LSTM,2018_Trade_War,252,10,R2=-0.4581,Model is WORSE than predicting the mean
NEGATIVE_R2,CRITICAL,PatchTST,2018_Trade_War,252,10,R2=-1.9939,Model is WORSE than predicting the mean
NEGATIVE_R2,CRITICAL,SNN,2018_Trade_War,252,10,R2=-0.4701,Model is WORSE than predicting the mean
NEGATIVE_R2,CRITICAL,PatchTST,2020_COVID_Crash,30,1,R2=-0.3534,Model is WORSE than predicting the mean
NEGATIVE_R2,CRITICAL,PatchTST,2020_COVID_Crash,30,5,R2=-0.6769,Model is WORSE than predicting the mean
NEGATIVE_R2,CRITICAL,SNN,2020_COVID_Crash,30,5,R2=-0.0506,Model is WORSE than predicting the mean
NEGATIVE_R2,CRITICAL,Bi-RNN,2020_COVID_Crash,30,10,R2=-0.1356,Model is WORSE than predicting the mean
NEGATIVE_R2,CRITICAL,Bi-GRU,2020_COVID_Crash,30,10,R2=-0.2803,Model is WORSE than predicting the mean
NEGATIVE_R2,CRITICAL,Bi-LSTM,2020_COVID_Crash,30,10,R2=-0.3303,Model is WORSE than predicting the mean
NEGATIVE_R2,CRITICAL,PatchTST,2020_COVID_Crash,30,10,R2=-0.8587,Model is WORSE than predicting the mean
NEGATIVE_R2,CRITICAL,Mamba,2020_COVID_Crash,30,10,R2=-0.4838,Model is WORSE than predicting the mean
NEGATIVE_R2,CRITICAL,SNN,2020_COVID_Crash,30,10,R2=-0.6505,Model is WORSE than predicting the mean
NEGATIVE_R2,CRITICAL,Ensemble,2020_COVID_Crash,30,10,R2=-0.3178,Model is WORSE than predicting the mean
NEGATIVE_R2,CRITICAL,PatchTST,2020_COVID_Crash,60,1,R2=-0.4247,Model is WORSE than predicting the mean
NEGATIVE_R2,CRITICAL,SNN,2020_COVID_Crash,60,1,R2=-0.0651,Model is WORSE than predicting the mean
NEGATIVE_R2,CRITICAL,PatchTST,2020_COVID_Crash,60,5,R2=-1.4192,Model is WORSE than predicting the mean
NEGATIVE_R2,CRITICAL,SNN,2020_COVID_Crash,60,5,R2=-0.3922,Model is WORSE than predicting the mean
NEGATIVE_R2,CRITICAL,Bi-RNN,2020_COVID_Crash,60,10,R2=-0.1196,Model is WORSE than predicting the mean
NEGATIVE_R2,CRITICAL,Bi-GRU,2020_COVID_Crash,60,10,R2=-0.4125,Model is WORSE than predicting the mean
NEGATIVE_R2,CRITICAL,Bi-LSTM,2020_COVID_Crash,60,10,R2=-0.3551,Model is WORSE than predicting the mean
NEGATIVE_R2,CRITICAL,PatchTST,2020_COVID_Crash,60,10,R2=-1.0810,Model is WORSE than predicting the mean
NEGATIVE_R2,CRITICAL,Mamba,2020_COVID_Crash,60,10,R2=-1.8002,Model is WORSE than predicting the mean
NEGATIVE_R2,CRITICAL,SNN,2020_COVID_Crash,60,10,R2=-1.3379,Model is WORSE than predicting the mean
NEGATIVE_R2,CRITICAL,Ensemble,2020_COVID_Crash,60,10,R2=-0.2314,Model is WORSE than predicting the mean
NEGATIVE_R2,CRITICAL,PatchTST,2020_COVID_Crash,90,1,R2=-0.0666,Model is WORSE than predicting the mean
NEGATIVE_R2,CRITICAL,SNN,2020_COVID_Crash,90,1,R2=-0.3254,Model is WORSE than predicting the mean
NEGATIVE_R2,CRITICAL,PatchTST,2020_COVID_Crash,90,5,R2=-0.9685,Model is WORSE than predicting the mean
NEGATIVE_R2,CRITICAL,SNN,2020_COVID_Crash,90,5,R2=-0.5631,Model is WORSE than predicting the mean
NEGATIVE_R2,CRITICAL,Bi-RNN,2020_COVID_Crash,90,10,R2=-0.2762,Model is WORSE than predicting the mean
NEGATIVE_R2,CRITICAL,Bi-GRU,2020_COVID_Crash,90,10,R2=-0.2800,Model is WORSE than predicting the mean
NEGATIVE_R2,CRITICAL,Bi-LSTM,2020_COVID_Crash,90,10,R2=-0.3031,Model is WORSE than predicting the mean
NEGATIVE_R2,CRITICAL,PatchTST,2020_COVID_Crash,90,10,R2=-0.7581,Model is WORSE than predicting the mean
NEGATIVE_R2,CRITICAL,Mamba,2020_COVID_Crash,90,10,R2=-0.1952,Model is WORSE than predicting the mean
NEGATIVE_R2,CRITICAL,SNN,2020_COVID_Crash,90,10,R2=-1.0131,Model is WORSE than predicting the mean
NEGATIVE_R2,CRITICAL,Ensemble,2020_COVID_Crash,90,10,R2=-0.2334,Model is WORSE than predicting the mean
NEGATIVE_R2,CRITICAL,PatchTST,2020_COVID_Crash,120,1,R2=-0.1833,Model is WORSE than predicting the mean
NEGATIVE_R2,CRITICAL,SNN,2020_COVID_Crash,120,1,R2=-0.2191,Model is WORSE than predicting the mean
NEGATIVE_R2,CRITICAL,PatchTST,2020_COVID_Crash,120,5,R2=-1.2566,Model is WORSE than predicting the mean
NEGATIVE_R2,CRITICAL,SNN,2020_COVID_Crash,120,5,R2=-0.1556,Model is WORSE than predicting the mean
NEGATIVE_R2,CRITICAL,Bi-RNN,2020_COVID_Crash,120,10,R2=-0.0347,Model is WORSE than predicting the mean
NEGATIVE_R2,CRITICAL,Bi-GRU,2020_COVID_Crash,120,10,R2=-0.4366,Model is WORSE than predicting the mean
NEGATIVE_R2,CRITICAL,Bi-LSTM,2020_COVID_Crash,120,10,R2=-0.3872,Model is WORSE than predicting the mean
NEGATIVE_R2,CRITICAL,PatchTST,2020_COVID_Crash,120,10,R2=-1.2445,Model is WORSE than predicting the mean
NEGATIVE_R2,CRITICAL,Mamba,2020_COVID_Crash,120,10,R2=-0.1918,Model is WORSE than predicting the mean
NEGATIVE_R2,CRITICAL,SNN,2020_COVID_Crash,120,10,R2=-0.7384,Model is WORSE than predicting the mean
NEGATIVE_R2,CRITICAL,Ensemble,2020_COVID_Crash,120,10,R2=-0.1913,Model is WORSE than predicting the mean
NEGATIVE_R2,CRITICAL,PatchTST,2020_COVID_Crash,252,1,R2=-0.2995,Model is WORSE than predicting the mean
NEGATIVE_R2,CRITICAL,SNN,2020_COVID_Crash,252,1,R2=-0.0239,Model is WORSE than predicting the mean
NEGATIVE_R2,CRITICAL,Mamba,2020_COVID_Crash,252,5,R2=-0.0038,Model is WORSE than predicting the mean
NEGATIVE_R2,CRITICAL,SNN,2020_COVID_Crash,252,5,R2=-0.2527,Model is WORSE than predicting the mean
NEGATIVE_R2,CRITICAL,Bi-RNN,2020_COVID_Crash,252,10,R2=-0.1766,Model is WORSE than predicting the mean
NEGATIVE_R2,CRITICAL,Bi-GRU,2020_COVID_Crash,252,10,R2=-0.4967,Model is WORSE than predicting the mean
NEGATIVE_R2,CRITICAL,Bi-LSTM,2020_COVID_Crash,252,10,R2=-0.3425,Model is WORSE than predicting the mean
NEGATIVE_R2,CRITICAL,PatchTST,2020_COVID_Crash,252,10,R2=-1.3794,Model is WORSE than predicting the mean
NEGATIVE_R2,CRITICAL,Mamba,2020_COVID_Crash,252,10,R2=-0.9939,Model is WORSE than predicting the mean
NEGATIVE_R2,CRITICAL,SNN,2020_COVID_Crash,252,10,R2=-1.4635,Model is WORSE than predicting the mean
NEGATIVE_R2,CRITICAL,Ensemble,2020_COVID_Crash,252,10,R2=-0.2499,Model is WORSE than predicting the mean
NEGATIVE_R2,CRITICAL,PatchTST,2022_Rate_Hike,30,1,R2=-0.1156,Model is WORSE than predicting the mean
NEGATIVE_R2,CRITICAL,PatchTST,2022_Rate_Hike,30,5,R2=-0.2876,Model is WORSE than predicting the mean
NEGATIVE_R2,CRITICAL,Bi-LSTM,2022_Rate_Hike,30,10,R2=-0.1144,Model is WORSE than predicting the mean
NEGATIVE_R2,CRITICAL,PatchTST,2022_Rate_Hike,30,10,R2=-0.6317,Model is WORSE than predicting the mean
NEGATIVE_R2,CRITICAL,PatchTST,2022_Rate_Hike,60,1,R2=-0.4143,Model is WORSE than predicting the mean
NEGATIVE_R2,CRITICAL,PatchTST,2022_Rate_Hike,60,5,R2=-1.3269,Model is WORSE than predicting the mean
NEGATIVE_R2,CRITICAL,PatchTST,2022_Rate_Hike,60,10,R2=-1.8588,Model is WORSE than predicting the mean
NEGATIVE_R2,CRITICAL,PatchTST,2022_Rate_Hike,90,1,R2=-1.6032,Model is WORSE than predicting the mean
NEGATIVE_R2,CRITICAL,PatchTST,2022_Rate_Hike,90,5,R2=-2.1369,Model is WORSE than predicting the mean
NEGATIVE_R2,CRITICAL,SNN,2022_Rate_Hike,90,5,R2=-0.4480,Model is WORSE than predicting the mean
NEGATIVE_R2,CRITICAL,PatchTST,2022_Rate_Hike,90,10,R2=-1.9504,Model is WORSE than predicting the mean
NEGATIVE_R2,CRITICAL,PatchTST,2022_Rate_Hike,120,1,R2=-1.7579,Model is WORSE than predicting the mean
NEGATIVE_R2,CRITICAL,PatchTST,2022_Rate_Hike,120,5,R2=-1.7877,Model is WORSE than predicting the mean
NEGATIVE_R2,CRITICAL,Bi-LSTM,2022_Rate_Hike,120,10,R2=-0.3910,Model is WORSE than predicting the mean
NEGATIVE_R2,CRITICAL,PatchTST,2022_Rate_Hike,120,10,R2=-3.1158,Model is WORSE than predicting the mean
NEGATIVE_R2,CRITICAL,PatchTST,2022_Rate_Hike,252,1,R2=-2.2232,Model is WORSE than predicting the mean
NEGATIVE_R2,CRITICAL,SNN,2022_Rate_Hike,252,1,R2=-0.1892,Model is WORSE than predicting the mean
NEGATIVE_R2,CRITICAL,Bi-RNN,2022_Rate_Hike,252,5,R2=-0.1865,Model is WORSE than predicting the mean
NEGATIVE_R2,CRITICAL,PatchTST,2022_Rate_Hike,252,5,R2=-2.3990,Model is WORSE than predicting the mean
NEGATIVE_R2,CRITICAL,Bi-GRU,2022_Rate_Hike,252,10,R2=-0.1094,Model is WORSE than predicting the mean
NEGATIVE_R2,CRITICAL,PatchTST,2022_Rate_Hike,252,10,R2=-6.5108,Model is WORSE than predicting the mean
NEGATIVE_R2,CRITICAL,SNN,2022_Rate_Hike,252,10,R2=-0.1464,Model is WORSE than predicting the mean
NEGATIVE_R2,CRITICAL,SNN,2023_AI_Wave,30,1,R2=-0.6056,Model is WORSE than predicting the mean
NEGATIVE_R2,CRITICAL,SNN,2023_AI_Wave,30,5,R2=-1.7926,Model is WORSE than predicting the mean
NEGATIVE_R2,CRITICAL,Bi-LSTM,2023_AI_Wave,30,10,R2=-0.0919,Model is WORSE than predicting the mean
NEGATIVE_R2,CRITICAL,SNN,2023_AI_Wave,30,10,R2=-2.1582,Model is WORSE than predicting the mean
NEGATIVE_R2,CRITICAL,PatchTST,2023_AI_Wave,60,1,R2=-0.6092,Model is WORSE than predicting the mean
NEGATIVE_R2,CRITICAL,SNN,2023_AI_Wave,60,1,R2=-3.1843,Model is WORSE than predicting the mean
NEGATIVE_R2,CRITICAL,SNN,2023_AI_Wave,60,5,R2=-2.2881,Model is WORSE than predicting the mean
NEGATIVE_R2,CRITICAL,Bi-LSTM,2023_AI_Wave,60,10,R2=-0.7381,Model is WORSE than predicting the mean
NEGATIVE_R2,CRITICAL,SNN,2023_AI_Wave,60,10,R2=-1.7138,Model is WORSE than predicting the mean
NEGATIVE_R2,CRITICAL,SNN,2023_AI_Wave,90,1,R2=-5.3697,Model is WORSE than predicting the mean
NEGATIVE_R2,CRITICAL,PatchTST,2023_AI_Wave,90,5,R2=-0.4247,Model is WORSE than predicting the mean
NEGATIVE_R2,CRITICAL,SNN,2023_AI_Wave,90,5,R2=-0.9147,Model is WORSE than predicting the mean
NEGATIVE_R2,CRITICAL,Bi-LSTM,2023_AI_Wave,90,10,R2=-0.7657,Model is WORSE than predicting the mean
NEGATIVE_R2,CRITICAL,SNN,2023_AI_Wave,90,10,R2=-0.8880,Model is WORSE than predicting the mean
NEGATIVE_R2,CRITICAL,SNN,2023_AI_Wave,120,1,R2=-0.2717,Model is WORSE than predicting the mean
NEGATIVE_R2,CRITICAL,SNN,2023_AI_Wave,120,5,R2=-0.5720,Model is WORSE than predicting the mean
NEGATIVE_R2,CRITICAL,PatchTST,2023_AI_Wave,252,5,R2=-1.1339,Model is WORSE than predicting the mean
NEGATIVE_R2,CRITICAL,SNN,2023_AI_Wave,252,5,R2=-0.0941,Model is WORSE than predicting the mean
NEGATIVE_R2,CRITICAL,PatchTST,2023_AI_Wave,252,10,R2=-0.1026,Model is WORSE than predicting the mean
NEGATIVE_R2,CRITICAL,SNN,2023_AI_Wave,252,10,R2=-3.3504,Model is WORSE than predicting the mean
NEGATIVE_R2,CRITICAL,PatchTST,2008_Financial_Crisis,120,5,R2=-0.0197,Model is WORSE than predicting the mean
NEGATIVE_R2,CRITICAL,PatchTST,2010_Euro_Debt_Crisis,252,1,R2=-0.0725,Model is WORSE than predicting the mean
NEGATIVE_R2,CRITICAL,PatchTST,2010_Euro_Debt_Crisis,252,10,R2=-0.3259,Model is WORSE than predicting the mean
NEGATIVE_R2,CRITICAL,SNN,2010_Euro_Debt_Crisis,252,10,R2=-0.6612,Model is WORSE than predicting the mean
NEGATIVE_R2,CRITICAL,SNN,2018_Trade_War,60,10,R2=-0.0358,Model is WORSE than predicting the mean
NEGATIVE_R2,CRITICAL,SNN,2018_Trade_War,90,5,R2=-0.0497,Model is WORSE than predicting the mean
NEGATIVE_R2,CRITICAL,SNN,2018_Trade_War,90,10,R2=-0.1536,Model is WORSE than predicting the mean
NEGATIVE_R2,CRITICAL,SNN,2018_Trade_War,252,1,R2=-0.0795,Model is WORSE than predicting the mean
NEGATIVE_R2,CRITICAL,SNN,2018_Trade_War,252,5,R2=-0.1808,Model is WORSE than predicting the mean
NEGATIVE_R2,CRITICAL,Bi-GRU,2020_COVID_Crash,30,10,R2=-0.0819,Model is WORSE than predicting the mean
NEGATIVE_R2,CRITICAL,Bi-LSTM,2020_COVID_Crash,30,10,R2=-0.0189,Model is WORSE than predicting the mean
NEGATIVE_R2,CRITICAL,PatchTST,2020_COVID_Crash,30,10,R2=-0.5983,Model is WORSE than predicting the mean
NEGATIVE_R2,CRITICAL,Mamba,2020_COVID_Crash,30,10,R2=-0.0754,Model is WORSE than predicting the mean
NEGATIVE_R2,CRITICAL,SNN,2020_COVID_Crash,30,10,R2=-0.4111,Model is WORSE than predicting the mean
NEGATIVE_R2,CRITICAL,Ensemble,2020_COVID_Crash,30,10,R2=-0.0341,Model is WORSE than predicting the mean
NEGATIVE_R2,CRITICAL,SNN,2020_COVID_Crash,60,1,R2=-0.0572,Model is WORSE than predicting the mean
NEGATIVE_R2,CRITICAL,SNN,2020_COVID_Crash,60,5,R2=-0.5443,Model is WORSE than predicting the mean
NEGATIVE_R2,CRITICAL,Bi-RNN,2020_COVID_Crash,60,10,R2=-0.0679,Model is WORSE than predicting the mean
NEGATIVE_R2,CRITICAL,Bi-GRU,2020_COVID_Crash,60,10,R2=-0.0810,Model is WORSE than predicting the mean
NEGATIVE_R2,CRITICAL,Bi-LSTM,2020_COVID_Crash,60,10,R2=-0.1733,Model is WORSE than predicting the mean
NEGATIVE_R2,CRITICAL,PatchTST,2020_COVID_Crash,60,10,R2=-0.3888,Model is WORSE than predicting the mean
NEGATIVE_R2,CRITICAL,Mamba,2020_COVID_Crash,60,10,R2=-0.2531,Model is WORSE than predicting the mean
NEGATIVE_R2,CRITICAL,SNN,2020_COVID_Crash,60,10,R2=-1.2150,Model is WORSE than predicting the mean
NEGATIVE_R2,CRITICAL,Ensemble,2020_COVID_Crash,60,10,R2=-0.1397,Model is WORSE than predicting the mean
NEGATIVE_R2,CRITICAL,SNN,2020_COVID_Crash,90,1,R2=-0.0597,Model is WORSE than predicting the mean
NEGATIVE_R2,CRITICAL,PatchTST,2020_COVID_Crash,90,5,R2=-0.3415,Model is WORSE than predicting the mean
NEGATIVE_R2,CRITICAL,SNN,2020_COVID_Crash,90,5,R2=-0.2039,Model is WORSE than predicting the mean
NEGATIVE_R2,CRITICAL,Bi-RNN,2020_COVID_Crash,90,10,R2=-0.0056,Model is WORSE than predicting the mean
NEGATIVE_R2,CRITICAL,Bi-GRU,2020_COVID_Crash,90,10,R2=-0.0491,Model is WORSE than predicting the mean
NEGATIVE_R2,CRITICAL,Bi-LSTM,2020_COVID_Crash,90,10,R2=-0.1637,Model is WORSE than predicting the mean
NEGATIVE_R2,CRITICAL,PatchTST,2020_COVID_Crash,90,10,R2=-1.3500,Model is WORSE than predicting the mean
NEGATIVE_R2,CRITICAL,Mamba,2020_COVID_Crash,90,10,R2=-0.1337,Model is WORSE than predicting the mean
NEGATIVE_R2,CRITICAL,SNN,2020_COVID_Crash,90,10,R2=-0.7503,Model is WORSE than predicting the mean
NEGATIVE_R2,CRITICAL,Ensemble,2020_COVID_Crash,90,10,R2=-0.1543,Model is WORSE than predicting the mean
NEGATIVE_R2,CRITICAL,SNN,2020_COVID_Crash,120,5,R2=-0.1385,Model is WORSE than predicting the mean
NEGATIVE_R2,CRITICAL,Bi-RNN,2020_COVID_Crash,120,10,R2=-0.1112,Model is WORSE than predicting the mean
NEGATIVE_R2,CRITICAL,Bi-GRU,2020_COVID_Crash,120,10,R2=-0.1414,Model is WORSE than predicting the mean
NEGATIVE_R2,CRITICAL,Bi-LSTM,2020_COVID_Crash,120,10,R2=-0.1272,Model is WORSE than predicting the mean
NEGATIVE_R2,CRITICAL,PatchTST,2020_COVID_Crash,120,10,R2=-0.2853,Model is WORSE than predicting the mean
NEGATIVE_R2,CRITICAL,Mamba,2020_COVID_Crash,120,10,R2=-0.1239,Model is WORSE than predicting the mean
NEGATIVE_R2,CRITICAL,SNN,2020_COVID_Crash,120,10,R2=-0.7159,Model is WORSE than predicting the mean
NEGATIVE_R2,CRITICAL,Ensemble,2020_COVID_Crash,120,10,R2=-0.0609,Model is WORSE than predicting the mean
NEGATIVE_R2,CRITICAL,SNN,2020_COVID_Crash,252,5,R2=-0.0072,Model is WORSE than predicting the mean
NEGATIVE_R2,CRITICAL,Bi-RNN,2020_COVID_Crash,252,10,R2=-0.2117,Model is WORSE than predicting the mean
NEGATIVE_R2,CRITICAL,Bi-GRU,2020_COVID_Crash,252,10,R2=-0.0882,Model is WORSE than predicting the mean
NEGATIVE_R2,CRITICAL,Bi-LSTM,2020_COVID_Crash,252,10,R2=-0.0909,Model is WORSE than predicting the mean
NEGATIVE_R2,CRITICAL,PatchTST,2020_COVID_Crash,252,10,R2=-0.1805,Model is WORSE than predicting the mean
NEGATIVE_R2,CRITICAL,Mamba,2020_COVID_Crash,252,10,R2=-0.1461,Model is WORSE than predicting the mean
NEGATIVE_R2,CRITICAL,SNN,2020_COVID_Crash,252,10,R2=-0.3769,Model is WORSE than predicting the mean
NEGATIVE_R2,CRITICAL,SNN,2023_AI_Wave,90,10,R2=-0.0406,Model is WORSE than predicting the mean
NEGATIVE_R2,CRITICAL,SNN,2023_AI_Wave,120,1,R2=-0.0596,Model is WORSE than predicting the mean
NEGATIVE_R2,CRITICAL,SNN,2023_AI_Wave,120,5,R2=-0.1027,Model is WORSE than predicting the mean
NEGATIVE_R2,CRITICAL,SNN,2023_AI_Wave,120,10,R2=-0.0856,Model is WORSE than predicting the mean
NEGATIVE_R2,CRITICAL,SNN,2023_AI_Wave,252,1,R2=-0.2544,Model is WORSE than predicting the mean
NEGATIVE_R2,CRITICAL,PatchTST,2023_AI_Wave,252,5,R2=-1.8776,Model is WORSE than predicting the mean
NEGATIVE_R2,CRITICAL,SNN,2023_AI_Wave,252,5,R2=-0.3247,Model is WORSE than predicting the mean
NEGATIVE_R2,CRITICAL,SNN,2023_AI_Wave,252,10,R2=-0.3530,Model is WORSE than predicting the mean
OUTLIER_LOW,WARNING,PatchTST,2008_Financial_Crisis,30,1,R2=0.2177 (median=0.9724),Significantly below peers
OUTLIER_LOW,WARNING,SNN,2008_Financial_Crisis,30,1,R2=0.3882 (median=0.9724),Significantly below peers
OUTLIER_LOW,WARNING,PatchTST,2008_Financial_Crisis,30,10,R2=-0.4109 (median=0.8859),Significantly below peers
OUTLIER_LOW,WARNING,PatchTST,2008_Financial_Crisis,60,1,R2=0.0846 (median=0.9740),Significantly below peers
OUTLIER_LOW,WARNING,PatchTST,2008_Financial_Crisis,60,5,R2=-1.5284 (median=0.9281),Significantly below peers
OUTLIER_LOW,WARNING,SNN,2008_Financial_Crisis,60,10,R2=0.1063 (median=0.8607),Significantly below peers
OUTLIER_LOW,WARNING,PatchTST,2008_Financial_Crisis,90,1,R2=-0.2849 (median=0.9743),Significantly below peers
OUTLIER_LOW,WARNING,SNN,2008_Financial_Crisis,90,1,R2=-0.8350 (median=0.9743),Significantly below peers
OUTLIER_LOW,WARNING,PatchTST,2008_Financial_Crisis,90,5,R2=-0.3405 (median=0.8944),Significantly below peers
OUTLIER_LOW,WARNING,PatchTST,2008_Financial_Crisis,90,10,R2=0.4328 (median=0.8517),Significantly below peers
OUTLIER_LOW,WARNING,SNN,2008_Financial_Crisis,90,10,R2=0.2021 (median=0.8517),Significantly below peers
OUTLIER_LOW,WARNING,PatchTST,2008_Financial_Crisis,90,10,R2=0.3736 (median=0.8517),Significantly below peers
OUTLIER_LOW,WARNING,SNN,2008_Financial_Crisis,90,10,R2=0.2550 (median=0.8517),Significantly below peers
OUTLIER_LOW,WARNING,PatchTST,2008_Financial_Crisis,120,1,R2=0.4038 (median=0.9651),Significantly below peers
OUTLIER_LOW,WARNING,PatchTST,2008_Financial_Crisis,120,1,R2=0.3423 (median=0.9651),Significantly below peers
OUTLIER_LOW,WARNING,PatchTST,2008_Financial_Crisis,120,5,R2=-1.2898 (median=0.9149),Significantly below peers
OUTLIER_LOW,WARNING,PatchTST,2008_Financial_Crisis,120,5,R2=-0.0197 (median=0.9149),Significantly below peers
OUTLIER_LOW,WARNING,PatchTST,2008_Financial_Crisis,120,10,R2=0.2145 (median=0.8743),Significantly below peers
OUTLIER_LOW,WARNING,Bi-RNN,2008_Financial_Crisis,252,1,R2=-0.6575 (median=0.9626),Significantly below peers
OUTLIER_LOW,WARNING,PatchTST,2008_Financial_Crisis,252,1,R2=0.4589 (median=0.9626),Significantly below peers
OUTLIER_LOW,WARNING,PatchTST,2008_Financial_Crisis,252,5,R2=-0.8694 (median=0.9269),Significantly below peers
OUTLIER_LOW,WARNING,PatchTST,2008_Financial_Crisis,252,5,R2=0.1904 (median=0.9269),Significantly below peers
OUTLIER_LOW,WARNING,SNN,2008_Financial_Crisis,252,5,R2=0.4076 (median=0.9269),Significantly below peers
OUTLIER_LOW,WARNING,Bi-RNN,2008_Financial_Crisis,252,10,R2=-0.6174 (median=0.8726),Significantly below peers
OUTLIER_LOW,WARNING,PatchTST,2008_Financial_Crisis,252,10,R2=-0.1663 (median=0.8726),Significantly below peers
OUTLIER_LOW,WARNING,PatchTST,2008_Financial_Crisis,252,10,R2=0.3716 (median=0.8726),Significantly below peers
OUTLIER_LOW,WARNING,SNN,2008_Financial_Crisis,252,10,R2=0.3498 (median=0.8726),Significantly below peers
OUTLIER_LOW,WARNING,PatchTST,2010_Euro_Debt_Crisis,30,1,R2=-0.0361 (median=0.9676),Significantly below peers
OUTLIER_LOW,WARNING,PatchTST,2010_Euro_Debt_Crisis,30,5,R2=-1.6194 (median=0.8709),Significantly below peers
OUTLIER_LOW,WARNING,PatchTST,2010_Euro_Debt_Crisis,30,10,R2=-0.6060 (median=0.7571),Significantly below peers
OUTLIER_LOW,WARNING,PatchTST,2010_Euro_Debt_Crisis,60,1,R2=-0.9066 (median=0.9671),Significantly below peers
OUTLIER_LOW,WARNING,PatchTST,2010_Euro_Debt_Crisis,60,5,R2=-0.5849 (median=0.8706),Significantly below peers
OUTLIER_LOW,WARNING,PatchTST,2010_Euro_Debt_Crisis,60,10,R2=-0.5680 (median=0.7620),Significantly below peers
OUTLIER_LOW,WARNING,PatchTST,2010_Euro_Debt_Crisis,90,1,R2=0.0957 (median=0.9697),Significantly below peers
OUTLIER_LOW,WARNING,PatchTST,2010_Euro_Debt_Crisis,90,5,R2=-3.7933 (median=0.8663),Significantly below peers
OUTLIER_LOW,WARNING,PatchTST,2010_Euro_Debt_Crisis,90,10,R2=0.3807 (median=0.7652),Significantly below peers
OUTLIER_LOW,WARNING,PatchTST,2010_Euro_Debt_Crisis,90,10,R2=0.4364 (median=0.7652),Significantly below peers
OUTLIER_LOW,WARNING,SNN,2010_Euro_Debt_Crisis,120,1,R2=-0.6001 (median=0.9629),Significantly below peers
OUTLIER_LOW,WARNING,PatchTST,2010_Euro_Debt_Crisis,120,5,R2=-1.2627 (median=0.8656),Significantly below peers
OUTLIER_LOW,WARNING,SNN,2010_Euro_Debt_Crisis,120,5,R2=0.3301 (median=0.8656),Significantly below peers
OUTLIER_LOW,WARNING,PatchTST,2010_Euro_Debt_Crisis,120,10,R2=-1.9761 (median=0.7565),Significantly below peers
OUTLIER_LOW,WARNING,PatchTST,2010_Euro_Debt_Crisis,120,10,R2=0.3579 (median=0.7565),Significantly below peers
OUTLIER_LOW,WARNING,SNN,2010_Euro_Debt_Crisis,120,10,R2=0.2263 (median=0.7565),Significantly below peers
OUTLIER_LOW,WARNING,PatchTST,2010_Euro_Debt_Crisis,252,1,R2=-2.3158 (median=0.9469),Significantly below peers
OUTLIER_LOW,WARNING,SNN,2010_Euro_Debt_Crisis,252,1,R2=-1.2682 (median=0.9469),Significantly below peers
OUTLIER_LOW,WARNING,PatchTST,2010_Euro_Debt_Crisis,252,1,R2=-0.0725 (median=0.9469),Significantly below peers
OUTLIER_LOW,WARNING,SNN,2010_Euro_Debt_Crisis,252,1,R2=0.1742 (median=0.9469),Significantly below peers
OUTLIER_LOW,WARNING,Bi-GRU,2010_Euro_Debt_Crisis,252,5,R2=-1.0793 (median=0.8156),Significantly below peers
OUTLIER_LOW,WARNING,PatchTST,2010_Euro_Debt_Crisis,252,5,R2=-0.8613 (median=0.8156),Significantly below peers
OUTLIER_LOW,WARNING,SNN,2010_Euro_Debt_Crisis,252,5,R2=-0.1066 (median=0.8156),Significantly below peers
OUTLIER_LOW,WARNING,PatchTST,2010_Euro_Debt_Crisis,252,5,R2=0.1746 (median=0.8156),Significantly below peers
OUTLIER_LOW,WARNING,SNN,2010_Euro_Debt_Crisis,252,5,R2=0.0485 (median=0.8156),Significantly below peers
OUTLIER_LOW,WARNING,Bi-GRU,2010_Euro_Debt_Crisis,252,10,R2=-0.7144 (median=0.7261),Significantly below peers
OUTLIER_LOW,WARNING,PatchTST,2010_Euro_Debt_Crisis,252,10,R2=-1.7327 (median=0.7261),Significantly below peers
OUTLIER_LOW,WARNING,SNN,2010_Euro_Debt_Crisis,252,10,R2=-0.3544 (median=0.7261),Significantly below peers
OUTLIER_LOW,WARNING,Ensemble,2010_Euro_Debt_Crisis,252,10,R2=0.4639 (median=0.7261),Significantly below peers
OUTLIER_LOW,WARNING,PatchTST,2010_Euro_Debt_Crisis,252,10,R2=-0.3259 (median=0.7261),Significantly below peers
OUTLIER_LOW,WARNING,SNN,2010_Euro_Debt_Crisis,252,10,R2=-0.6612 (median=0.7261),Significantly below peers
OUTLIER_LOW,WARNING,PatchTST,2015_China_Crash,30,1,R2=-3.4323 (median=0.9009),Significantly below peers
OUTLIER_LOW,WARNING,PatchTST,2015_China_Crash,60,1,R2=-0.0637 (median=0.8878),Significantly below peers
OUTLIER_LOW,WARNING,PatchTST,2015_China_Crash,90,1,R2=0.3962 (median=0.8864),Significantly below peers
OUTLIER_LOW,WARNING,SNN,2015_China_Crash,90,1,R2=0.0992 (median=0.8864),Significantly below peers
OUTLIER_LOW,WARNING,PatchTST,2015_China_Crash,120,1,R2=-2.9486 (median=0.8979),Significantly below peers
OUTLIER_LOW,WARNING,SNN,2015_China_Crash,120,1,R2=-0.6858 (median=0.8979),Significantly below peers
OUTLIER_LOW,WARNING,PatchTST,2015_China_Crash,252,1,R2=-0.1279 (median=0.8872),Significantly below peers
OUTLIER_LOW,WARNING,SNN,2015_China_Crash,252,1,R2=-0.9929 (median=0.8872),Significantly below peers
OUTLIER_LOW,WARNING,SNN,2015_China_Crash,252,1,R2=0.3828 (median=0.8872),Significantly below peers
OUTLIER_LOW,WARNING,PatchTST,2018_Trade_War,30,1,R2=-0.9635 (median=0.8720),Significantly below peers
OUTLIER_LOW,WARNING,PatchTST,2018_Trade_War,60,1,R2=-0.3346 (median=0.9044),Significantly below peers
OUTLIER_LOW,WARNING,SNN,2018_Trade_War,60,1,R2=0.4573 (median=0.9044),Significantly below peers
OUTLIER_LOW,WARNING,SNN,2018_Trade_War,60,1,R2=0.4669 (median=0.9044),Significantly below peers
OUTLIER_LOW,WARNING,PatchTST,2018_Trade_War,90,1,R2=-1.0823 (median=0.8450),Significantly below peers
OUTLIER_LOW,WARNING,SNN,2018_Trade_War,90,1,R2=0.1485 (median=0.8450),Significantly below peers
OUTLIER_LOW,WARNING,SNN,2018_Trade_War,90,1,R2=0.4272 (median=0.8450),Significantly below peers
OUTLIER_LOW,WARNING,PatchTST,2018_Trade_War,120,1,R2=0.1538 (median=0.8041),Significantly below peers
OUTLIER_LOW,WARNING,SNN,2018_Trade_War,120,1,R2=0.3337 (median=0.8041),Significantly below peers
OUTLIER_LOW,WARNING,SNN,2018_Trade_War,120,1,R2=0.3526 (median=0.8041),Significantly below peers
OUTLIER_LOW,WARNING,PatchTST,2018_Trade_War,252,1,R2=0.0093 (median=0.8802),Significantly below peers
OUTLIER_LOW,WARNING,SNN,2018_Trade_War,252,1,R2=0.4070 (median=0.8802),Significantly below peers
OUTLIER_LOW,WARNING,SNN,2018_Trade_War,252,1,R2=-0.0795 (median=0.8802),Significantly below peers
OUTLIER_LOW,WARNING,PatchTST,2020_COVID_Crash,30,1,R2=-0.3534 (median=0.7144),Significantly below peers
OUTLIER_LOW,WARNING,SNN,2020_COVID_Crash,30,1,R2=0.0819 (median=0.7144),Significantly below peers
OUTLIER_LOW,WARNING,SNN,2020_COVID_Crash,30,1,R2=0.3603 (median=0.7144),Significantly below peers
OUTLIER_LOW,WARNING,PatchTST,2020_COVID_Crash,60,1,R2=-0.4247 (median=0.7872),Significantly below peers
OUTLIER_LOW,WARNING,SNN,2020_COVID_Crash,60,1,R2=-0.0651 (median=0.7872),Significantly below peers
OUTLIER_LOW,WARNING,SNN,2020_COVID_Crash,60,1,R2=-0.0572 (median=0.7872),Significantly below peers
OUTLIER_LOW,WARNING,PatchTST,2020_COVID_Crash,90,1,R2=-0.0666 (median=0.7883),Significantly below peers
OUTLIER_LOW,WARNING,SNN,2020_COVID_Crash,90,1,R2=-0.3254 (median=0.7883),Significantly below peers
OUTLIER_LOW,WARNING,PatchTST,2020_COVID_Crash,90,1,R2=0.4046 (median=0.7883),Significantly below peers
OUTLIER_LOW,WARNING,SNN,2020_COVID_Crash,90,1,R2=-0.0597 (median=0.7883),Significantly below peers
OUTLIER_LOW,WARNING,PatchTST,2020_COVID_Crash,120,1,R2=-0.1833 (median=0.7401),Significantly below peers
OUTLIER_LOW,WARNING,SNN,2020_COVID_Crash,120,1,R2=-0.2191 (median=0.7401),Significantly below peers
OUTLIER_LOW,WARNING,SNN,2020_COVID_Crash,120,1,R2=0.0412 (median=0.7401),Significantly below peers
OUTLIER_LOW,WARNING,Bi-LSTM,2020_COVID_Crash,252,1,R2=0.4675 (median=0.7633),Significantly below peers
OUTLIER_LOW,WARNING,PatchTST,2020_COVID_Crash,252,1,R2=-0.2995 (median=0.7633),Significantly below peers
OUTLIER_LOW,WARNING,SNN,2020_COVID_Crash,252,1,R2=-0.0239 (median=0.7633),Significantly below peers
OUTLIER_LOW,WARNING,SNN,2020_COVID_Crash,252,1,R2=0.1800 (median=0.7633),Significantly below peers
OUTLIER_LOW,WARNING,PatchTST,2022_Rate_Hike,30,1,R2=-0.1156 (median=0.9098),Significantly below peers
OUTLIER_LOW,WARNING,PatchTST,2022_Rate_Hike,30,5,R2=-0.2876 (median=0.7604),Significantly below peers
OUTLIER_LOW,WARNING,SNN,2022_Rate_Hike,30,5,R2=0.3243 (median=0.7604),Significantly below peers
OUTLIER_LOW,WARNING,PatchTST,2022_Rate_Hike,60,1,R2=-0.4143 (median=0.8786),Significantly below peers
OUTLIER_LOW,WARNING,SNN,2022_Rate_Hike,60,1,R2=0.4775 (median=0.8786),Significantly below peers
OUTLIER_LOW,WARNING,Bi-LSTM,2022_Rate_Hike,60,5,R2=0.3721 (median=0.7730),Significantly below peers
OUTLIER_LOW,WARNING,PatchTST,2022_Rate_Hike,60,5,R2=-1.3269 (median=0.7730),Significantly below peers
OUTLIER_LOW,WARNING,SNN,2022_Rate_Hike,60,5,R2=0.4406 (median=0.7730),Significantly below peers
OUTLIER_LOW,WARNING,PatchTST,2022_Rate_Hike,90,1,R2=-1.6032 (median=0.9067),Significantly below peers
OUTLIER_LOW,WARNING,PatchTST,2022_Rate_Hike,90,5,R2=-2.1369 (median=0.7575),Significantly below peers
OUTLIER_LOW,WARNING,SNN,2022_Rate_Hike,90,5,R2=-0.4480 (median=0.7575),Significantly below peers
OUTLIER_LOW,WARNING,PatchTST,2022_Rate_Hike,120,1,R2=-1.7579 (median=0.9069),Significantly below peers
OUTLIER_LOW,WARNING,SNN,2022_Rate_Hike,120,1,R2=0.2635 (median=0.9069),Significantly below peers
OUTLIER_LOW,WARNING,PatchTST,2022_Rate_Hike,120,5,R2=-1.7877 (median=0.7784),Significantly below peers
OUTLIER_LOW,WARNING,PatchTST,2022_Rate_Hike,252,1,R2=-2.2232 (median=0.9058),Significantly below peers
OUTLIER_LOW,WARNING,SNN,2022_Rate_Hike,252,1,R2=-0.1892 (median=0.9058),Significantly below peers
OUTLIER_LOW,WARNING,Bi-RNN,2022_Rate_Hike,252,5,R2=-0.1865 (median=0.7040),Significantly below peers
OUTLIER_LOW,WARNING,PatchTST,2022_Rate_Hike,252,5,R2=-2.3990 (median=0.7040),Significantly below peers
OUTLIER_LOW,WARNING,SNN,2022_Rate_Hike,252,5,R2=0.1961 (median=0.7040),Significantly below peers
OUTLIER_LOW,WARNING,Ensemble,2022_Rate_Hike,252,5,R2=0.4419 (median=0.7040),Significantly below peers
OUTLIER_LOW,WARNING,SNN,2023_AI_Wave,30,1,R2=-0.6056 (median=0.9412),Significantly below peers
OUTLIER_LOW,WARNING,PatchTST,2023_AI_Wave,30,5,R2=0.4050 (median=0.8396),Significantly below peers
OUTLIER_LOW,WARNING,SNN,2023_AI_Wave,30,5,R2=-1.7926 (median=0.8396),Significantly below peers
OUTLIER_LOW,WARNING,PatchTST,2023_AI_Wave,60,1,R2=-0.6092 (median=0.9483),Significantly below peers
OUTLIER_LOW,WARNING,SNN,2023_AI_Wave,60,1,R2=-3.1843 (median=0.9483),Significantly below peers
OUTLIER_LOW,WARNING,Ensemble,2023_AI_Wave,60,1,R2=0.4776 (median=0.9483),Significantly below peers
OUTLIER_LOW,WARNING,Bi-LSTM,2023_AI_Wave,60,5,R2=0.2058 (median=0.8311),Significantly below peers
OUTLIER_LOW,WARNING,SNN,2023_AI_Wave,60,5,R2=-2.2881 (median=0.8311),Significantly below peers
OUTLIER_LOW,WARNING,SNN,2023_AI_Wave,60,5,R2=0.4056 (median=0.8311),Significantly below peers
OUTLIER_LOW,WARNING,SNN,2023_AI_Wave,90,1,R2=-5.3697 (median=0.9440),Significantly below peers
OUTLIER_LOW,WARNING,SNN,2023_AI_Wave,90,1,R2=0.3356 (median=0.9440),Significantly below peers
OUTLIER_LOW,WARNING,Bi-LSTM,2023_AI_Wave,90,5,R2=0.3300 (median=0.8294),Significantly below peers
OUTLIER_LOW,WARNING,PatchTST,2023_AI_Wave,90,5,R2=-0.4247 (median=0.8294),Significantly below peers
OUTLIER_LOW,WARNING,SNN,2023_AI_Wave,90,5,R2=-0.9147 (median=0.8294),Significantly below peers
OUTLIER_LOW,WARNING,Ensemble,2023_AI_Wave,90,5,R2=0.4730 (median=0.8294),Significantly below peers
OUTLIER_LOW,WARNING,SNN,2023_AI_Wave,90,5,R2=0.2089 (median=0.8294),Significantly below peers
OUTLIER_LOW,WARNING,SNN,2023_AI_Wave,120,1,R2=-0.2717 (median=0.9487),Significantly below peers
OUTLIER_LOW,WARNING,SNN,2023_AI_Wave,120,1,R2=-0.0596 (median=0.9487),Significantly below peers
OUTLIER_LOW,WARNING,PatchTST,2023_AI_Wave,120,5,R2=0.3791 (median=0.8300),Significantly below peers
OUTLIER_LOW,WARNING,SNN,2023_AI_Wave,120,5,R2=-0.5720 (median=0.8300),Significantly below peers
OUTLIER_LOW,WARNING,SNN,2023_AI_Wave,120,5,R2=-0.1027 (median=0.8300),Significantly below peers
OUTLIER_LOW,WARNING,Bi-RNN,2023_AI_Wave,120,10,R2=0.3930 (median=0.7016),Significantly below peers
OUTLIER_LOW,WARNING,Bi-LSTM,2023_AI_Wave,120,10,R2=0.1689 (median=0.7016),Significantly below peers
OUTLIER_LOW,WARNING,SNN,2023_AI_Wave,120,10,R2=0.1381 (median=0.7016),Significantly below peers
OUTLIER_LOW,WARNING,PatchTST,2023_AI_Wave,120,10,R2=0.1376 (median=0.7016),Significantly below peers
OUTLIER_LOW,WARNING,SNN,2023_AI_Wave,120,10,R2=-0.0856 (median=0.7016),Significantly below peers
OUTLIER_LOW,WARNING,PatchTST,2023_AI_Wave,252,1,R2=0.2837 (median=0.9402),Significantly below peers
OUTLIER_LOW,WARNING,SNN,2023_AI_Wave,252,1,R2=0.4283 (median=0.9402),Significantly below peers
OUTLIER_LOW,WARNING,SNN,2023_AI_Wave,252,1,R2=-0.2544 (median=0.9402),Significantly below peers
OUTLIER_LOW,WARNING,PatchTST,2023_AI_Wave,252,5,R2=-1.1339 (median=0.8057),Significantly below peers
OUTLIER_LOW,WARNING,SNN,2023_AI_Wave,252,5,R2=-0.0941 (median=0.8057),Significantly below peers
OUTLIER_LOW,WARNING,PatchTST,2023_AI_Wave,252,5,R2=-1.8776 (median=0.8057),Significantly below peers
OUTLIER_LOW,WARNING,SNN,2023_AI_Wave,252,5,R2=-0.3247 (median=0.8057),Significantly below peers
HIGH_MAE,WARNING,PatchTST,2008_Financial_Crisis,60,5,MAE=0.0611,Error exceeds 5% of normalized range
HIGH_MAE,WARNING,PatchTST,2008_Financial_Crisis,120,5,MAE=0.0610,Error exceeds 5% of normalized range
HIGH_MAE,WARNING,PatchTST,2020_COVID_Crash,30,5,MAE=0.0502,Error exceeds 5% of normalized range
HIGH_MAE,WARNING,PatchTST,2020_COVID_Crash,60,5,MAE=0.0694,Error exceeds 5% of normalized range
HIGH_MAE,WARNING,PatchTST,2020_COVID_Crash,60,10,MAE=0.0511,Error exceeds 5% of normalized range
HIGH_MAE,WARNING,Mamba,2020_COVID_Crash,60,10,MAE=0.0569,Error exceeds 5% of normalized range
HIGH_MAE,WARNING,SNN,2020_COVID_Crash,60,10,MAE=0.0586,Error exceeds 5% of normalized range
HIGH_MAE,WARNING,PatchTST,2020_COVID_Crash,90,5,MAE=0.0560,Error exceeds 5% of normalized range
HIGH_MAE,WARNING,SNN,2020_COVID_Crash,90,10,MAE=0.0510,Error exceeds 5% of normalized range
HIGH_MAE,WARNING,PatchTST,2020_COVID_Crash,120,5,MAE=0.0653,Error exceeds 5% of normalized range
HIGH_MAE,WARNING,PatchTST,2020_COVID_Crash,120,10,MAE=0.0577,Error exceeds 5% of normalized range
HIGH_MAE,WARNING,PatchTST,2020_COVID_Crash,252,10,MAE=0.0596,Error exceeds 5% of normalized range
HIGH_MAE,WARNING,Mamba,2020_COVID_Crash,252,10,MAE=0.0522,Error exceeds 5% of normalized range
HIGH_MAE,WARNING,SNN,2020_COVID_Crash,252,10,MAE=0.0579,Error exceeds 5% of normalized range
HIGH_MAE,WARNING,PatchTST,2022_Rate_Hike,30,5,MAE=0.0502,Error exceeds 5% of normalized range
HIGH_MAE,WARNING,PatchTST,2022_Rate_Hike,30,10,MAE=0.0543,Error exceeds 5% of normalized range
HIGH_MAE,WARNING,PatchTST,2022_Rate_Hike,60,1,MAE=0.0550,Error exceeds 5% of normalized range
HIGH_MAE,WARNING,PatchTST,2022_Rate_Hike,60,5,MAE=0.0713,Error exceeds 5% of normalized range
HIGH_MAE,WARNING,PatchTST,2022_Rate_Hike,60,10,MAE=0.0754,Error exceeds 5% of normalized range
HIGH_MAE,WARNING,PatchTST,2022_Rate_Hike,90,1,MAE=0.0780,Error exceeds 5% of normalized range
HIGH_MAE,WARNING,PatchTST,2022_Rate_Hike,90,5,MAE=0.0844,Error exceeds 5% of normalized range
HIGH_MAE,WARNING,SNN,2022_Rate_Hike,90,5,MAE=0.0542,Error exceeds 5% of normalized range
HIGH_MAE,WARNING,PatchTST,2022_Rate_Hike,90,10,MAE=0.0771,Error exceeds 5% of normalized range
HIGH_MAE,WARNING,PatchTST,2022_Rate_Hike,120,1,MAE=0.0821,Error exceeds 5% of normalized range
HIGH_MAE,WARNING,PatchTST,2022_Rate_Hike,120,5,MAE=0.0785,Error exceeds 5% of normalized range
HIGH_MAE,WARNING,Bi-LSTM,2022_Rate_Hike,120,10,MAE=0.0501,Error exceeds 5% of normalized range
HIGH_MAE,WARNING,PatchTST,2022_Rate_Hike,120,10,MAE=0.0937,Error exceeds 5% of normalized range
HIGH_MAE,WARNING,PatchTST,2022_Rate_Hike,252,1,MAE=0.0859,Error exceeds 5% of normalized range
HIGH_MAE,WARNING,SNN,2022_Rate_Hike,252,1,MAE=0.0502,Error exceeds 5% of normalized range
HIGH_MAE,WARNING,Bi-RNN,2022_Rate_Hike,252,5,MAE=0.0509,Error exceeds 5% of normalized range
HIGH_MAE,WARNING,PatchTST,2022_Rate_Hike,252,5,MAE=0.0848,Error exceeds 5% of normalized range
HIGH_MAE,WARNING,PatchTST,2022_Rate_Hike,252,10,MAE=0.1271,Error exceeds 5% of normalized range
HIGH_MAE,WARNING,SNN,2023_AI_Wave,30,5,MAE=0.0630,Error exceeds 5% of normalized range
HIGH_MAE,WARNING,SNN,2023_AI_Wave,30,10,MAE=0.0659,Error exceeds 5% of normalized range
HIGH_MAE,WARNING,SNN,2023_AI_Wave,60,1,MAE=0.0785,Error exceeds 5% of normalized range
HIGH_MAE,WARNING,SNN,2023_AI_Wave,60,5,MAE=0.0667,Error exceeds 5% of normalized range
HIGH_MAE,WARNING,SNN,2023_AI_Wave,60,10,MAE=0.0572,Error exceeds 5% of normalized range
HIGH_MAE,WARNING,SNN,2023_AI_Wave,90,1,MAE=0.0995,Error exceeds 5% of normalized range
HIGH_MAE,WARNING,PatchTST,2023_AI_Wave,252,5,MAE=0.0532,Error exceeds 5% of normalized range
HIGH_MAE,WARNING,SNN,2023_AI_Wave,252,10,MAE=0.0794,Error exceeds 5% of normalized range
HIGH_MAE,WARNING,PatchTST,2008_Financial_Crisis,30,1,MAE=0.1022,Error exceeds 5% of normalized range
HIGH_MAE,WARNING,SNN,2008_Financial_Crisis,30,1,MAE=0.0701,Error exceeds 5% of normalized range
HIGH_MAE,WARNING,Bi-RNN,2008_Financial_Crisis,30,5,MAE=0.0602,Error exceeds 5% of normalized range
HIGH_MAE,WARNING,PatchTST,2008_Financial_Crisis,30,5,MAE=0.0646,Error exceeds 5% of normalized range
HIGH_MAE,WARNING,SNN,2008_Financial_Crisis,30,5,MAE=0.0636,Error exceeds 5% of normalized range
HIGH_MAE,WARNING,ARIMA,2008_Financial_Crisis,30,10,MAE=0.0512,Error exceeds 5% of normalized range
HIGH_MAE,WARNING,Bi-RNN,2008_Financial_Crisis,30,10,MAE=0.0505,Error exceeds 5% of normalized range
HIGH_MAE,WARNING,Bi-GRU,2008_Financial_Crisis,30,10,MAE=0.0549,Error exceeds 5% of normalized range
HIGH_MAE,WARNING,Bi-LSTM,2008_Financial_Crisis,30,10,MAE=0.0587,Error exceeds 5% of normalized range
HIGH_MAE,WARNING,PatchTST,2008_Financial_Crisis,30,10,MAE=0.0997,Error exceeds 5% of normalized range
HIGH_MAE,WARNING,Mamba,2008_Financial_Crisis,30,10,MAE=0.0665,Error exceeds 5% of normalized range
HIGH_MAE,WARNING,SNN,2008_Financial_Crisis,30,10,MAE=0.0820,Error exceeds 5% of normalized range
HIGH_MAE,WARNING,Ensemble,2008_Financial_Crisis,30,10,MAE=0.0556,Error exceeds 5% of normalized range
HIGH_MAE,WARNING,PatchTST,2008_Financial_Crisis,60,1,MAE=0.0843,Error exceeds 5% of normalized range
HIGH_MAE,WARNING,SNN,2008_Financial_Crisis,60,1,MAE=0.0810,Error exceeds 5% of normalized range
HIGH_MAE,WARNING,Bi-LSTM,2008_Financial_Crisis,60,5,MAE=0.0904,Error exceeds 5% of normalized range
HIGH_MAE,WARNING,PatchTST,2008_Financial_Crisis,60,5,MAE=0.0982,Error exceeds 5% of normalized range
HIGH_MAE,WARNING,SNN,2008_Financial_Crisis,60,5,MAE=0.0880,Error exceeds 5% of normalized range
HIGH_MAE,WARNING,Ensemble,2008_Financial_Crisis,60,5,MAE=0.0553,Error exceeds 5% of normalized range
HIGH_MAE,WARNING,ARIMA,2008_Financial_Crisis,60,10,MAE=0.0522,Error exceeds 5% of normalized range
HIGH_MAE,WARNING,Bi-RNN,2008_Financial_Crisis,60,10,MAE=0.0590,Error exceeds 5% of normalized range
HIGH_MAE,WARNING,Bi-GRU,2008_Financial_Crisis,60,10,MAE=0.0709,Error exceeds 5% of normalized range
HIGH_MAE,WARNING,Bi-LSTM,2008_Financial_Crisis,60,10,MAE=0.0578,Error exceeds 5% of normalized range
HIGH_MAE,WARNING,PatchTST,2008_Financial_Crisis,60,10,MAE=0.1156,Error exceeds 5% of normalized range
HIGH_MAE,WARNING,Mamba,2008_Financial_Crisis,60,10,MAE=0.0727,Error exceeds 5% of normalized range
HIGH_MAE,WARNING,SNN,2008_Financial_Crisis,60,10,MAE=0.1027,Error exceeds 5% of normalized range
HIGH_MAE,WARNING,Ensemble,2008_Financial_Crisis,60,10,MAE=0.0678,Error exceeds 5% of normalized range
HIGH_MAE,WARNING,PatchTST,2008_Financial_Crisis,90,1,MAE=0.0961,Error exceeds 5% of normalized range
HIGH_MAE,WARNING,SNN,2008_Financial_Crisis,90,1,MAE=0.0982,Error exceeds 5% of normalized range
HIGH_MAE,WARNING,Bi-GRU,2008_Financial_Crisis,90,5,MAE=0.0629,Error exceeds 5% of normalized range
HIGH_MAE,WARNING,Bi-LSTM,2008_Financial_Crisis,90,5,MAE=0.0562,Error exceeds 5% of normalized range
HIGH_MAE,WARNING,PatchTST,2008_Financial_Crisis,90,5,MAE=0.1290,Error exceeds 5% of normalized range
HIGH_MAE,WARNING,Mamba,2008_Financial_Crisis,90,5,MAE=0.0925,Error exceeds 5% of normalized range
HIGH_MAE,WARNING,SNN,2008_Financial_Crisis,90,5,MAE=0.1175,Error exceeds 5% of normalized range
HIGH_MAE,WARNING,Ensemble,2008_Financial_Crisis,90,5,MAE=0.0777,Error exceeds 5% of normalized range
HIGH_MAE,WARNING,ARIMA,2008_Financial_Crisis,90,10,MAE=0.0520,Error exceeds 5% of normalized range
HIGH_MAE,WARNING,Bi-RNN,2008_Financial_Crisis,90,10,MAE=0.1172,Error exceeds 5% of normalized range
HIGH_MAE,WARNING,Bi-GRU,2008_Financial_Crisis,90,10,MAE=0.0631,Error exceeds 5% of normalized range
HIGH_MAE,WARNING,Bi-LSTM,2008_Financial_Crisis,90,10,MAE=0.0567,Error exceeds 5% of normalized range
HIGH_MAE,WARNING,PatchTST,2008_Financial_Crisis,90,10,MAE=0.1602,Error exceeds 5% of normalized range
HIGH_MAE,WARNING,Mamba,2008_Financial_Crisis,90,10,MAE=0.0773,Error exceeds 5% of normalized range
HIGH_MAE,WARNING,SNN,2008_Financial_Crisis,90,10,MAE=0.1761,Error exceeds 5% of normalized range
HIGH_MAE,WARNING,Ensemble,2008_Financial_Crisis,90,10,MAE=0.0955,Error exceeds 5% of normalized range
HIGH_MAE,WARNING,PatchTST,2008_Financial_Crisis,120,1,MAE=0.1667,Error exceeds 5% of normalized range
HIGH_MAE,WARNING,SNN,2008_Financial_Crisis,120,1,MAE=0.0918,Error exceeds 5% of normalized range
HIGH_MAE,WARNING,Bi-GRU,2008_Financial_Crisis,120,5,MAE=0.0610,Error exceeds 5% of normalized range
HIGH_MAE,WARNING,PatchTST,2008_Financial_Crisis,120,5,MAE=0.1964,Error exceeds 5% of normalized range
HIGH_MAE,WARNING,SNN,2008_Financial_Crisis,120,5,MAE=0.1033,Error exceeds 5% of normalized range
HIGH_MAE,WARNING,Ensemble,2008_Financial_Crisis,120,5,MAE=0.0689,Error exceeds 5% of normalized range
HIGH_MAE,WARNING,ARIMA,2008_Financial_Crisis,120,10,MAE=0.0519,Error exceeds 5% of normalized range
HIGH_MAE,WARNING,Bi-GRU,2008_Financial_Crisis,120,10,MAE=0.0970,Error exceeds 5% of normalized range
HIGH_MAE,WARNING,Bi-LSTM,2008_Financial_Crisis,120,10,MAE=0.0542,Error exceeds 5% of normalized range
HIGH_MAE,WARNING,PatchTST,2008_Financial_Crisis,120,10,MAE=0.1787,Error exceeds 5% of normalized range
HIGH_MAE,WARNING,Mamba,2008_Financial_Crisis,120,10,MAE=0.1023,Error exceeds 5% of normalized range
HIGH_MAE,WARNING,SNN,2008_Financial_Crisis,120,10,MAE=0.0969,Error exceeds 5% of normalized range
HIGH_MAE,WARNING,Ensemble,2008_Financial_Crisis,120,10,MAE=0.0828,Error exceeds 5% of normalized range
HIGH_MAE,WARNING,Bi-LSTM,2008_Financial_Crisis,252,1,MAE=0.0564,Error exceeds 5% of normalized range
HIGH_MAE,WARNING,PatchTST,2008_Financial_Crisis,252,1,MAE=0.1248,Error exceeds 5% of normalized range
HIGH_MAE,WARNING,SNN,2008_Financial_Crisis,252,1,MAE=0.1203,Error exceeds 5% of normalized range
HIGH_MAE,WARNING,Bi-LSTM,2008_Financial_Crisis,252,5,MAE=0.0639,Error exceeds 5% of normalized range
HIGH_MAE,WARNING,PatchTST,2008_Financial_Crisis,252,5,MAE=0.1832,Error exceeds 5% of normalized range
HIGH_MAE,WARNING,SNN,2008_Financial_Crisis,252,5,MAE=0.1407,Error exceeds 5% of normalized range
HIGH_MAE,WARNING,Ensemble,2008_Financial_Crisis,252,5,MAE=0.0571,Error exceeds 5% of normalized range
HIGH_MAE,WARNING,ARIMA,2008_Financial_Crisis,252,10,MAE=0.0516,Error exceeds 5% of normalized range
HIGH_MAE,WARNING,Bi-RNN,2008_Financial_Crisis,252,10,MAE=0.0592,Error exceeds 5% of normalized range
HIGH_MAE,WARNING,Bi-GRU,2008_Financial_Crisis,252,10,MAE=0.0691,Error exceeds 5% of normalized range
HIGH_MAE,WARNING,Bi-LSTM,2008_Financial_Crisis,252,10,MAE=0.0593,Error exceeds 5% of normalized range
HIGH_MAE,WARNING,PatchTST,2008_Financial_Crisis,252,10,MAE=0.1522,Error exceeds 5% of normalized range
HIGH_MAE,WARNING,Mamba,2008_Financial_Crisis,252,10,MAE=0.0610,Error exceeds 5% of normalized range
HIGH_MAE,WARNING,SNN,2008_Financial_Crisis,252,10,MAE=0.1482,Error exceeds 5% of normalized range
HIGH_MAE,WARNING,Ensemble,2008_Financial_Crisis,252,10,MAE=0.0633,Error exceeds 5% of normalized range
HIGH_MAE,WARNING,SNN,2010_Euro_Debt_Crisis,120,10,MAE=0.0511,Error exceeds 5% of normalized range
HIGH_MAE,WARNING,PatchTST,2010_Euro_Debt_Crisis,252,1,MAE=0.0626,Error exceeds 5% of normalized range
HIGH_MAE,WARNING,SNN,2010_Euro_Debt_Crisis,252,1,MAE=0.0519,Error exceeds 5% of normalized range
HIGH_MAE,WARNING,PatchTST,2010_Euro_Debt_Crisis,252,5,MAE=0.0520,Error exceeds 5% of normalized range
HIGH_MAE,WARNING,SNN,2010_Euro_Debt_Crisis,252,5,MAE=0.0555,Error exceeds 5% of normalized range
HIGH_MAE,WARNING,PatchTST,2010_Euro_Debt_Crisis,252,10,MAE=0.0701,Error exceeds 5% of normalized range
HIGH_MAE,WARNING,SNN,2010_Euro_Debt_Crisis,252,10,MAE=0.0729,Error exceeds 5% of normalized range
HIGH_MAE,WARNING,PatchTST,2015_China_Crash,30,10,MAE=0.0501,Error exceeds 5% of normalized range
HIGH_MAE,WARNING,PatchTST,2015_China_Crash,60,10,MAE=0.0585,Error exceeds 5% of normalized range
HIGH_MAE,WARNING,SNN,2015_China_Crash,60,10,MAE=0.0514,Error exceeds 5% of normalized range
HIGH_MAE,WARNING,SNN,2015_China_Crash,90,1,MAE=0.0521,Error exceeds 5% of normalized range
HIGH_MAE,WARNING,PatchTST,2015_China_Crash,90,5,MAE=0.0595,Error exceeds 5% of normalized range
HIGH_MAE,WARNING,SNN,2015_China_Crash,90,5,MAE=0.0567,Error exceeds 5% of normalized range
HIGH_MAE,WARNING,PatchTST,2015_China_Crash,90,10,MAE=0.0566,Error exceeds 5% of normalized range
HIGH_MAE,WARNING,SNN,2015_China_Crash,90,10,MAE=0.0588,Error exceeds 5% of normalized range
HIGH_MAE,WARNING,PatchTST,2015_China_Crash,120,10,MAE=0.0726,Error exceeds 5% of normalized range
HIGH_MAE,WARNING,SNN,2015_China_Crash,252,1,MAE=0.0633,Error exceeds 5% of normalized range
HIGH_MAE,WARNING,PatchTST,2015_China_Crash,252,10,MAE=0.0665,Error exceeds 5% of normalized range
HIGH_MAE,WARNING,SNN,2018_Trade_War,60,1,MAE=0.0575,Error exceeds 5% of normalized range
HIGH_MAE,WARNING,SNN,2018_Trade_War,60,5,MAE=0.0677,Error exceeds 5% of normalized range
HIGH_MAE,WARNING,SNN,2018_Trade_War,60,10,MAE=0.0798,Error exceeds 5% of normalized range
HIGH_MAE,WARNING,SNN,2018_Trade_War,90,1,MAE=0.0604,Error exceeds 5% of normalized range
HIGH_MAE,WARNING,SNN,2018_Trade_War,90,5,MAE=0.0866,Error exceeds 5% of normalized range
HIGH_MAE,WARNING,SNN,2018_Trade_War,90,10,MAE=0.0900,Error exceeds 5% of normalized range
HIGH_MAE,WARNING,SNN,2018_Trade_War,120,1,MAE=0.0635,Error exceeds 5% of normalized range
HIGH_MAE,WARNING,SNN,2018_Trade_War,120,5,MAE=0.0801,Error exceeds 5% of normalized range
HIGH_MAE,WARNING,PatchTST,2018_Trade_War,120,10,MAE=0.0516,Error exceeds 5% of normalized range
HIGH_MAE,WARNING,SNN,2018_Trade_War,120,10,MAE=0.0796,Error exceeds 5% of normalized range
HIGH_MAE,WARNING,SNN,2018_Trade_War,252,1,MAE=0.0728,Error exceeds 5% of normalized range
HIGH_MAE,WARNING,SNN,2018_Trade_War,252,5,MAE=0.0774,Error exceeds 5% of normalized range
HIGH_MAE,WARNING,SNN,2018_Trade_War,252,10,MAE=0.0704,Error exceeds 5% of normalized range
HIGH_MAE,WARNING,SNN,2020_COVID_Crash,30,10,MAE=0.0503,Error exceeds 5% of normalized range
HIGH_MAE,WARNING,SNN,2020_COVID_Crash,60,5,MAE=0.0563,Error exceeds 5% of normalized range
HIGH_MAE,WARNING,SNN,2020_COVID_Crash,60,10,MAE=0.0614,Error exceeds 5% of normalized range
HIGH_MAE,WARNING,SNN,2020_COVID_Crash,90,5,MAE=0.0504,Error exceeds 5% of normalized range
HIGH_MAE,WARNING,PatchTST,2020_COVID_Crash,90,10,MAE=0.0580,Error exceeds 5% of normalized range
HIGH_MAE,WARNING,SNN,2020_COVID_Crash,90,10,MAE=0.0542,Error exceeds 5% of normalized range
HIGH_MAE,WARNING,SNN,2020_COVID_Crash,120,10,MAE=0.0536,Error exceeds 5% of normalized range
HIGH_MAE,WARNING,SNN,2022_Rate_Hike,60,10,MAE=0.0508,Error exceeds 5% of normalized range
HIGH_MAE,WARNING,PatchTST,2022_Rate_Hike,90,10,MAE=0.0508,Error exceeds 5% of normalized range
HIGH_MAE,WARNING,SNN,2022_Rate_Hike,90,10,MAE=0.0588,Error exceeds 5% of normalized range
HIGH_MAE,WARNING,SNN,2022_Rate_Hike,120,10,MAE=0.0504,Error exceeds 5% of normalized range
HIGH_MAE,WARNING,PatchTST,2022_Rate_Hike,252,10,MAE=0.0552,Error exceeds 5% of normalized range
HIGH_MAE,WARNING,SNN,2023_AI_Wave,252,1,MAE=0.0560,Error exceeds 5% of normalized range
HIGH_MAE,WARNING,PatchTST,2023_AI_Wave,252,5,MAE=0.0906,Error exceeds 5% of normalized range
HIGH_MAE,WARNING,SNN,2023_AI_Wave,252,5,MAE=0.0568,Error exceeds 5% of normalized range
HIGH_MAE,WARNING,SNN,2023_AI_Wave,252,10,MAE=0.0554,Error exceeds 5% of normalized range
SEVERE_HORIZON_DECAY,WARNING,ARIMA,2020_COVID_Crash,30,1→10,R2: 0.8811→0.0063 (99.3% drop),R² drops over 50% as horizon increases
SEVERE_HORIZON_DECAY,WARNING,ARIMA,2020_COVID_Crash,60,1→10,R2: 0.8887→0.1113 (87.5% drop),R² drops over 50% as horizon increases
SEVERE_HORIZON_DECAY,WARNING,ARIMA,2020_COVID_Crash,90,1→10,R2: 0.8886→0.0161 (98.2% drop),R² drops over 50% as horizon increases
SEVERE_HORIZON_DECAY,WARNING,ARIMA,2020_COVID_Crash,120,1→10,R2: 0.8917→0.0939 (89.5% drop),R² drops over 50% as horizon increases
SEVERE_HORIZON_DECAY,WARNING,ARIMA,2020_COVID_Crash,252,1→10,R2: 0.8978→0.1337 (85.1% drop),R² drops over 50% as horizon increases
SEVERE_HORIZON_DECAY,WARNING,Bi-GRU,2020_COVID_Crash,30,1→10,R2: 0.6734→-0.0819 (112.2% drop),R² drops over 50% as horizon increases
SEVERE_HORIZON_DECAY,WARNING,Bi-GRU,2020_COVID_Crash,60,1→10,R2: 0.7627→-0.0810 (110.6% drop),R² drops over 50% as horizon increases
SEVERE_HORIZON_DECAY,WARNING,Bi-GRU,2020_COVID_Crash,90,1→10,R2: 0.7629→-0.0491 (106.4% drop),R² drops over 50% as horizon increases
SEVERE_HORIZON_DECAY,WARNING,Bi-GRU,2020_COVID_Crash,120,1→10,R2: 0.6528→-0.1414 (121.7% drop),R² drops over 50% as horizon increases
SEVERE_HORIZON_DECAY,WARNING,Bi-GRU,2020_COVID_Crash,252,1→10,R2: 0.7143→-0.0882 (112.3% drop),R² drops over 50% as horizon increases
SEVERE_HORIZON_DECAY,WARNING,Bi-LSTM,2020_COVID_Crash,30,1→10,R2: 0.7059→-0.0189 (102.7% drop),R² drops over 50% as horizon increases
SEVERE_HORIZON_DECAY,WARNING,Bi-LSTM,2020_COVID_Crash,60,1→10,R2: 0.6282→-0.1733 (127.6% drop),R² drops over 50% as horizon increases
SEVERE_HORIZON_DECAY,WARNING,Bi-LSTM,2020_COVID_Crash,90,1→10,R2: 0.7404→-0.1637 (122.1% drop),R² drops over 50% as horizon increases
SEVERE_HORIZON_DECAY,WARNING,Bi-LSTM,2020_COVID_Crash,120,1→10,R2: 0.7444→-0.1272 (117.1% drop),R² drops over 50% as horizon increases
SEVERE_HORIZON_DECAY,WARNING,Bi-LSTM,2020_COVID_Crash,252,1→10,R2: 0.4675→-0.0909 (119.4% drop),R² drops over 50% as horizon increases
SEVERE_HORIZON_DECAY,WARNING,Bi-RNN,2020_COVID_Crash,30,1→10,R2: 0.6662→0.0038 (99.4% drop),R² drops over 50% as horizon increases
SEVERE_HORIZON_DECAY,WARNING,Bi-RNN,2020_COVID_Crash,60,1→10,R2: 0.8117→-0.0679 (108.4% drop),R² drops over 50% as horizon increases
SEVERE_HORIZON_DECAY,WARNING,Bi-RNN,2020_COVID_Crash,90,1→10,R2: 0.8136→-0.0056 (100.7% drop),R² drops over 50% as horizon increases
SEVERE_HORIZON_DECAY,WARNING,Bi-RNN,2020_COVID_Crash,120,1→10,R2: 0.7359→-0.1112 (115.1% drop),R² drops over 50% as horizon increases
SEVERE_HORIZON_DECAY,WARNING,Bi-RNN,2020_COVID_Crash,252,1→10,R2: 0.7920→-0.2117 (126.7% drop),R² drops over 50% as horizon increases
SEVERE_HORIZON_DECAY,WARNING,Ensemble,2020_COVID_Crash,30,1→10,R2: 0.7228→-0.0341 (104.7% drop),R² drops over 50% as horizon increases
SEVERE_HORIZON_DECAY,WARNING,Ensemble,2020_COVID_Crash,60,1→10,R2: 0.6890→-0.1397 (120.3% drop),R² drops over 50% as horizon increases
SEVERE_HORIZON_DECAY,WARNING,Ensemble,2020_COVID_Crash,90,1→10,R2: 0.7061→-0.1543 (121.9% drop),R² drops over 50% as horizon increases
SEVERE_HORIZON_DECAY,WARNING,Ensemble,2020_COVID_Crash,120,1→10,R2: 0.6969→-0.0609 (108.7% drop),R² drops over 50% as horizon increases
SEVERE_HORIZON_DECAY,WARNING,Ensemble,2020_COVID_Crash,252,1→10,R2: 0.6655→0.0324 (95.1% drop),R² drops over 50% as horizon increases
SEVERE_HORIZON_DECAY,WARNING,Mamba,2020_COVID_Crash,30,1→10,R2: 0.6417→-0.0754 (111.8% drop),R² drops over 50% as horizon increases
SEVERE_HORIZON_DECAY,WARNING,Mamba,2020_COVID_Crash,60,1→10,R2: 0.6239→-0.2531 (140.6% drop),R² drops over 50% as horizon increases
SEVERE_HORIZON_DECAY,WARNING,Mamba,2020_COVID_Crash,90,1→10,R2: 0.7022→-0.1337 (119.0% drop),R² drops over 50% as horizon increases
SEVERE_HORIZON_DECAY,WARNING,Mamba,2020_COVID_Crash,120,1→10,R2: 0.7128→-0.1239 (117.4% drop),R² drops over 50% as horizon increases
SEVERE_HORIZON_DECAY,WARNING,Mamba,2020_COVID_Crash,252,1→10,R2: 0.7345→-0.1461 (119.9% drop),R² drops over 50% as horizon increases
SEVERE_HORIZON_DECAY,WARNING,PatchTST,2023_AI_Wave,120,1→10,R2: 0.7660→0.1376 (82.0% drop),R² drops over 50% as horizon increases
SEVERE_HORIZON_DECAY,WARNING,PatchTST,2023_AI_Wave,252,1→10,R2: 0.2837→0.0749 (73.6% drop),R² drops over 50% as horizon increases
SEVERE_HORIZON_DECAY,WARNING,SNN,2008_Financial_Crisis,252,1→10,R2: 0.8064→0.3498 (56.6% drop),R² drops over 50% as horizon increases
SEVERE_HORIZON_DECAY,WARNING,SNN,2018_Trade_War,60,1→10,R2: 0.4573→-0.0358 (107.8% drop),R² drops over 50% as horizon increases
SEVERE_HORIZON_DECAY,WARNING,SNN,2018_Trade_War,90,1→10,R2: 0.1485→-0.1536 (203.4% drop),R² drops over 50% as horizon increases
SEVERE_HORIZON_DECAY,WARNING,SNN,2018_Trade_War,120,1→10,R2: 0.3337→0.0057 (98.3% drop),R² drops over 50% as horizon increases
SEVERE_HORIZON_DECAY,WARNING,SNN,2018_Trade_War,252,1→10,R2: 0.4070→0.0378 (90.7% drop),R² drops over 50% as horizon increases
SEVERE_HORIZON_DECAY,WARNING,SNN,2020_COVID_Crash,30,1→10,R2: 0.0819→-0.4111 (601.7% drop),R² drops over 50% as horizon increases
SEVERE_HORIZON_DECAY,WARNING,SNN,2023_AI_Wave,252,1→10,R2: 0.4283→-0.3530 (182.4% drop),R² drops over 50% as horizon increases
