Model,Period,Window,Horizon,Model_R2,ARIMA_R2,Delta_R2,Beats_ARIMA
Bi-RNN,2008_Financial_Crisis,30,1,0.9865,0.9883,-0.0018,No
Bi-GRU,2008_Financial_Crisis,30,1,0.9882,0.9883,-0.0001,No
Bi-LSTM,2008_Financial_Crisis,30,1,0.9672,0.9883,-0.0211,No
PatchTST,2008_Financial_Crisis,30,1,0.2177,0.9883,-0.7706,No
Mamba,2008_Financial_Crisis,30,1,0.9784,0.9883,-0.0099,No
SNN,2008_Financial_Crisis,30,1,0.3882,0.9883,-0.6001,No
Bi-RNN,2008_Financial_Crisis,30,1,0.9806,0.9883,-0.0077,No
Bi-GRU,2008_Financial_Crisis,30,1,0.9838,0.9883,-0.0045,No
Bi-LSTM,2008_Financial_Crisis,30,1,0.974,0.9883,-0.0143,No
PatchTST,2008_Financial_Crisis,30,1,0.7389,0.9883,-0.2494,No
Mamba,2008_Financial_Crisis,30,1,0.9628,0.9883,-0.0255,No
SNN,2008_Financial_Crisis,30,1,0.8664,0.9883,-0.1219,No
Bi-RNN,2008_Financial_Crisis,30,5,0.9468,0.9603,-0.0135,No
Bi-GRU,2008_Financial_Crisis,30,5,0.943,0.9603,-0.0174,No
Bi-LSTM,2008_Financial_Crisis,30,5,0.9457,0.9603,-0.0146,No
PatchTST,2008_Financial_Crisis,30,5,0.6089,0.9603,-0.3514,No
Mamba,2008_Financial_Crisis,30,5,0.8932,0.9603,-0.0671,No
SNN,2008_Financial_Crisis,30,5,0.8991,0.9603,-0.0612,No
Bi-RNN,2008_Financial_Crisis,30,5,0.8891,0.9603,-0.0713,No
Bi-GRU,2008_Financial_Crisis,30,5,0.9349,0.9603,-0.0254,No
Bi-LSTM,2008_Financial_Crisis,30,5,0.9194,0.9603,-0.041,No
PatchTST,2008_Financial_Crisis,30,5,0.8779,0.9603,-0.0824,No
Mamba,2008_Financial_Crisis,30,5,0.9189,0.9603,-0.0414,No
SNN,2008_Financial_Crisis,30,5,0.8638,0.9603,-0.0965,No
Bi-RNN,2008_Financial_Crisis,30,10,0.8656,0.9289,-0.0633,No
Bi-GRU,2008_Financial_Crisis,30,10,0.9068,0.9289,-0.0222,No
Bi-LSTM,2008_Financial_Crisis,30,10,0.9025,0.9289,-0.0264,No
PatchTST,2008_Financial_Crisis,30,10,-0.4109,0.9289,-1.3399,No
Mamba,2008_Financial_Crisis,30,10,0.8859,0.9289,-0.043,No
SNN,2008_Financial_Crisis,30,10,0.8345,0.9289,-0.0944,No
Bi-RNN,2008_Financial_Crisis,30,10,0.9192,0.9289,-0.0097,No
Bi-GRU,2008_Financial_Crisis,30,10,0.9128,0.9289,-0.0161,No
Bi-LSTM,2008_Financial_Crisis,30,10,0.8859,0.9289,-0.043,No
PatchTST,2008_Financial_Crisis,30,10,0.7242,0.9289,-0.2047,No
Mamba,2008_Financial_Crisis,30,10,0.8534,0.9289,-0.0755,No
SNN,2008_Financial_Crisis,30,10,0.7823,0.9289,-0.1467,No
Bi-RNN,2008_Financial_Crisis,60,1,0.983,0.9887,-0.0058,No
Bi-GRU,2008_Financial_Crisis,60,1,0.9859,0.9887,-0.0028,No
Bi-LSTM,2008_Financial_Crisis,60,1,0.9751,0.9887,-0.0136,No
PatchTST,2008_Financial_Crisis,60,1,0.0846,0.9887,-0.9041,No
Mamba,2008_Financial_Crisis,60,1,0.9865,0.9887,-0.0022,No
SNN,2008_Financial_Crisis,60,1,0.8543,0.9887,-0.1344,No
Bi-RNN,2008_Financial_Crisis,60,1,0.9828,0.9887,-0.006,No
Bi-GRU,2008_Financial_Crisis,60,1,0.9817,0.9887,-0.007,No
Bi-LSTM,2008_Financial_Crisis,60,1,0.9674,0.9887,-0.0213,No
PatchTST,2008_Financial_Crisis,60,1,0.8135,0.9887,-0.1752,No
Mamba,2008_Financial_Crisis,60,1,0.9729,0.9887,-0.0159,No
SNN,2008_Financial_Crisis,60,1,0.7745,0.9887,-0.2142,No
Bi-RNN,2008_Financial_Crisis,60,5,0.9502,0.9616,-0.0114,No
Bi-GRU,2008_Financial_Crisis,60,5,0.9337,0.9616,-0.028,No
Bi-LSTM,2008_Financial_Crisis,60,5,0.9456,0.9616,-0.0161,No
PatchTST,2008_Financial_Crisis,60,5,-1.5284,0.9616,-2.4901,No
Mamba,2008_Financial_Crisis,60,5,0.9427,0.9616,-0.0189,No
SNN,2008_Financial_Crisis,60,5,0.744,0.9616,-0.2177,No
Bi-RNN,2008_Financial_Crisis,60,5,0.9461,0.9616,-0.0156,No
Bi-GRU,2008_Financial_Crisis,60,5,0.9325,0.9616,-0.0292,No
Bi-LSTM,2008_Financial_Crisis,60,5,0.7814,0.9616,-0.1802,No
PatchTST,2008_Financial_Crisis,60,5,0.7421,0.9616,-0.2195,No
Mamba,2008_Financial_Crisis,60,5,0.9237,0.9616,-0.038,No
SNN,2008_Financial_Crisis,60,5,0.7492,0.9616,-0.2125,No
Bi-RNN,2008_Financial_Crisis,60,10,0.9145,0.9287,-0.0142,No
Bi-GRU,2008_Financial_Crisis,60,10,0.8733,0.9287,-0.0554,No
Bi-LSTM,2008_Financial_Crisis,60,10,0.8544,0.9287,-0.0743,No
PatchTST,2008_Financial_Crisis,60,10,0.634,0.9287,-0.2947,No
Mamba,2008_Financial_Crisis,60,10,0.8785,0.9287,-0.0503,No
SNN,2008_Financial_Crisis,60,10,0.1063,0.9287,-0.8224,No
Bi-RNN,2008_Financial_Crisis,60,10,0.9001,0.9287,-0.0286,No
Bi-GRU,2008_Financial_Crisis,60,10,0.8596,0.9287,-0.0691,No
Bi-LSTM,2008_Financial_Crisis,60,10,0.8937,0.9287,-0.035,No
PatchTST,2008_Financial_Crisis,60,10,0.6494,0.9287,-0.2793,No
Mamba,2008_Financial_Crisis,60,10,0.8387,0.9287,-0.09,No
SNN,2008_Financial_Crisis,60,10,0.6709,0.9287,-0.2578,No
Bi-RNN,2008_Financial_Crisis,90,1,0.9785,0.9898,-0.0114,No
Bi-GRU,2008_Financial_Crisis,90,1,0.9873,0.9898,-0.0025,No
Bi-LSTM,2008_Financial_Crisis,90,1,0.98,0.9898,-0.0098,No
PatchTST,2008_Financial_Crisis,90,1,-0.2849,0.9898,-1.2747,No
Mamba,2008_Financial_Crisis,90,1,0.9826,0.9898,-0.0073,No
SNN,2008_Financial_Crisis,90,1,-0.835,0.9898,-1.8249,No
Bi-RNN,2008_Financial_Crisis,90,1,0.9842,0.9898,-0.0057,No
Bi-GRU,2008_Financial_Crisis,90,1,0.9805,0.9898,-0.0094,No
Bi-LSTM,2008_Financial_Crisis,90,1,0.9658,0.9898,-0.024,No
PatchTST,2008_Financial_Crisis,90,1,0.7364,0.9898,-0.2534,No
Mamba,2008_Financial_Crisis,90,1,0.9701,0.9898,-0.0197,No
SNN,2008_Financial_Crisis,90,1,0.7219,0.9898,-0.2679,No
Bi-RNN,2008_Financial_Crisis,90,5,0.945,0.9624,-0.0175,No
Bi-GRU,2008_Financial_Crisis,90,5,0.9591,0.9624,-0.0033,No
Bi-LSTM,2008_Financial_Crisis,90,5,0.946,0.9624,-0.0164,No
PatchTST,2008_Financial_Crisis,90,5,-0.3405,0.9624,-1.303,No
Mamba,2008_Financial_Crisis,90,5,0.9579,0.9624,-0.0046,No
SNN,2008_Financial_Crisis,90,5,0.7221,0.9624,-0.2403,No
Bi-RNN,2008_Financial_Crisis,90,5,0.9394,0.9624,-0.023,No
Bi-GRU,2008_Financial_Crisis,90,5,0.8841,0.9624,-0.0783,No
Bi-LSTM,2008_Financial_Crisis,90,5,0.9047,0.9624,-0.0577,No
PatchTST,2008_Financial_Crisis,90,5,0.5913,0.9624,-0.3711,No
Mamba,2008_Financial_Crisis,90,5,0.7755,0.9624,-0.1869,No
SNN,2008_Financial_Crisis,90,5,0.6323,0.9624,-0.3301,No
Bi-RNN,2008_Financial_Crisis,90,10,0.8786,0.9296,-0.0511,No
Bi-GRU,2008_Financial_Crisis,90,10,0.9007,0.9296,-0.029,No
Bi-LSTM,2008_Financial_Crisis,90,10,0.9088,0.9296,-0.0209,No
PatchTST,2008_Financial_Crisis,90,10,0.4328,0.9296,-0.4968,No
Mamba,2008_Financial_Crisis,90,10,0.9196,0.9296,-0.01,No
SNN,2008_Financial_Crisis,90,10,0.2021,0.9296,-0.7275,No
Bi-RNN,2008_Financial_Crisis,90,10,0.6539,0.9296,-0.2758,No
Bi-GRU,2008_Financial_Crisis,90,10,0.8881,0.9296,-0.0416,No
Bi-LSTM,2008_Financial_Crisis,90,10,0.8965,0.9296,-0.0332,No
PatchTST,2008_Financial_Crisis,90,10,0.3736,0.9296,-0.5561,No
Mamba,2008_Financial_Crisis,90,10,0.8073,0.9296,-0.1224,No
SNN,2008_Financial_Crisis,90,10,0.255,0.9296,-0.6747,No
Bi-RNN,2008_Financial_Crisis,120,1,0.9783,0.9897,-0.0114,No
Bi-GRU,2008_Financial_Crisis,120,1,0.984,0.9897,-0.0057,No
Bi-LSTM,2008_Financial_Crisis,120,1,0.9644,0.9897,-0.0253,No
PatchTST,2008_Financial_Crisis,120,1,0.4038,0.9897,-0.5859,No
Mamba,2008_Financial_Crisis,120,1,0.9763,0.9897,-0.0134,No
SNN,2008_Financial_Crisis,120,1,0.8631,0.9897,-0.1266,No
Bi-RNN,2008_Financial_Crisis,120,1,0.9829,0.9897,-0.0068,No
Bi-GRU,2008_Financial_Crisis,120,1,0.9783,0.9897,-0.0114,No
Bi-LSTM,2008_Financial_Crisis,120,1,0.9657,0.9897,-0.024,No
PatchTST,2008_Financial_Crisis,120,1,0.3423,0.9897,-0.6474,No
Mamba,2008_Financial_Crisis,120,1,0.9345,0.9897,-0.0553,No
SNN,2008_Financial_Crisis,120,1,0.7517,0.9897,-0.238,No
Bi-RNN,2008_Financial_Crisis,120,5,0.9106,0.9623,-0.0517,No
Bi-GRU,2008_Financial_Crisis,120,5,0.9506,0.9623,-0.0118,No
Bi-LSTM,2008_Financial_Crisis,120,5,0.9547,0.9623,-0.0076,No
PatchTST,2008_Financial_Crisis,120,5,-1.2898,0.9623,-2.2521,No
Mamba,2008_Financial_Crisis,120,5,0.9362,0.9623,-0.0261,No
SNN,2008_Financial_Crisis,120,5,0.716,0.9623,-0.2463,No
Bi-RNN,2008_Financial_Crisis,120,5,0.953,0.9623,-0.0093,No
Bi-GRU,2008_Financial_Crisis,120,5,0.8896,0.9623,-0.0727,No
Bi-LSTM,2008_Financial_Crisis,120,5,0.9191,0.9623,-0.0432,No
PatchTST,2008_Financial_Crisis,120,5,-0.0197,0.9623,-0.982,No
Mamba,2008_Financial_Crisis,120,5,0.942,0.9623,-0.0203,No
SNN,2008_Financial_Crisis,120,5,0.6938,0.9623,-0.2685,No
Bi-RNN,2008_Financial_Crisis,120,10,0.8979,0.9293,-0.0314,No
Bi-GRU,2008_Financial_Crisis,120,10,0.9028,0.9293,-0.0265,No
Bi-LSTM,2008_Financial_Crisis,120,10,0.8988,0.9293,-0.0305,No
PatchTST,2008_Financial_Crisis,120,10,0.5968,0.9293,-0.3325,No
Mamba,2008_Financial_Crisis,120,10,0.904,0.9293,-0.0253,No
SNN,2008_Financial_Crisis,120,10,0.6159,0.9293,-0.3134,No
Bi-RNN,2008_Financial_Crisis,120,10,0.9198,0.9293,-0.0095,No
Bi-GRU,2008_Financial_Crisis,120,10,0.7532,0.9293,-0.1761,No
Bi-LSTM,2008_Financial_Crisis,120,10,0.9051,0.9293,-0.0242,No
PatchTST,2008_Financial_Crisis,120,10,0.2145,0.9293,-0.7147,No
Mamba,2008_Financial_Crisis,120,10,0.6731,0.9293,-0.2562,No
SNN,2008_Financial_Crisis,120,10,0.7134,0.9293,-0.2159,No
Bi-RNN,2008_Financial_Crisis,252,1,-0.6575,0.9899,-1.6475,No
Bi-GRU,2008_Financial_Crisis,252,1,0.9865,0.9899,-0.0034,No
Bi-LSTM,2008_Financial_Crisis,252,1,0.9785,0.9899,-0.0115,No
PatchTST,2008_Financial_Crisis,252,1,0.4589,0.9899,-0.5311,No
Mamba,2008_Financial_Crisis,252,1,0.9644,0.9899,-0.0255,No
SNN,2008_Financial_Crisis,252,1,0.8064,0.9899,-0.1835,No
Bi-RNN,2008_Financial_Crisis,252,1,0.9826,0.9899,-0.0074,No
Bi-GRU,2008_Financial_Crisis,252,1,0.9803,0.9899,-0.0097,No
Bi-LSTM,2008_Financial_Crisis,252,1,0.9028,0.9899,-0.0871,No
PatchTST,2008_Financial_Crisis,252,1,0.5316,0.9899,-0.4583,No
Mamba,2008_Financial_Crisis,252,1,0.9811,0.9899,-0.0088,No
SNN,2008_Financial_Crisis,252,1,0.5704,0.9899,-0.4196,No
Bi-RNN,2008_Financial_Crisis,252,5,0.9241,0.963,-0.0389,No
Bi-GRU,2008_Financial_Crisis,252,5,0.9551,0.963,-0.0079,No
Bi-LSTM,2008_Financial_Crisis,252,5,0.9527,0.963,-0.0104,No
PatchTST,2008_Financial_Crisis,252,5,-0.8694,0.963,-1.8324,No
Mamba,2008_Financial_Crisis,252,5,0.9363,0.963,-0.0268,No
SNN,2008_Financial_Crisis,252,5,0.7119,0.963,-0.2512,No
Bi-RNN,2008_Financial_Crisis,252,5,0.9474,0.963,-0.0156,No
Bi-GRU,2008_Financial_Crisis,252,5,0.9343,0.963,-0.0287,No
Bi-LSTM,2008_Financial_Crisis,252,5,0.866,0.963,-0.097,No
PatchTST,2008_Financial_Crisis,252,5,0.1904,0.963,-0.7727,No
Mamba,2008_Financial_Crisis,252,5,0.9297,0.963,-0.0333,No
SNN,2008_Financial_Crisis,252,5,0.4076,0.963,-0.5555,No
Bi-RNN,2008_Financial_Crisis,252,10,-0.6174,0.9303,-1.5477,No
Bi-GRU,2008_Financial_Crisis,252,10,0.9,0.9303,-0.0303,No
Bi-LSTM,2008_Financial_Crisis,252,10,0.9385,0.9303,0.0082,Yes
PatchTST,2008_Financial_Crisis,252,10,-0.1663,0.9303,-1.0965,No
Mamba,2008_Financial_Crisis,252,10,0.9213,0.9303,-0.0089,No
SNN,2008_Financial_Crisis,252,10,0.7288,0.9303,-0.2015,No
Bi-RNN,2008_Financial_Crisis,252,10,0.9015,0.9303,-0.0287,No
Bi-GRU,2008_Financial_Crisis,252,10,0.8648,0.9303,-0.0654,No
Bi-LSTM,2008_Financial_Crisis,252,10,0.8832,0.9303,-0.0471,No
PatchTST,2008_Financial_Crisis,252,10,0.3716,0.9303,-0.5586,No
Mamba,2008_Financial_Crisis,252,10,0.8714,0.9303,-0.0589,No
SNN,2008_Financial_Crisis,252,10,0.3498,0.9303,-0.5805,No
Bi-RNN,2010_Euro_Debt_Crisis,30,1,0.9724,0.9738,-0.0013,No
Bi-GRU,2010_Euro_Debt_Crisis,30,1,0.9702,0.9738,-0.0036,No
Bi-LSTM,2010_Euro_Debt_Crisis,30,1,0.9545,0.9738,-0.0193,No
PatchTST,2010_Euro_Debt_Crisis,30,1,-0.0361,0.9738,-1.0098,No
Mamba,2010_Euro_Debt_Crisis,30,1,0.9669,0.9738,-0.0068,No
SNN,2010_Euro_Debt_Crisis,30,1,0.9202,0.9738,-0.0535,No
Bi-RNN,2010_Euro_Debt_Crisis,30,1,0.973,0.9738,-0.0008,No
Bi-GRU,2010_Euro_Debt_Crisis,30,1,0.9704,0.9738,-0.0034,No
Bi-LSTM,2010_Euro_Debt_Crisis,30,1,0.9682,0.9738,-0.0055,No
PatchTST,2010_Euro_Debt_Crisis,30,1,0.8603,0.9738,-0.1135,No
Mamba,2010_Euro_Debt_Crisis,30,1,0.9739,0.9738,0.0002,Yes
SNN,2010_Euro_Debt_Crisis,30,1,0.834,0.9738,-0.1398,No
Bi-RNN,2010_Euro_Debt_Crisis,30,5,0.8718,0.8711,0.0008,Yes
Bi-GRU,2010_Euro_Debt_Crisis,30,5,0.8963,0.8711,0.0253,Yes
Bi-LSTM,2010_Euro_Debt_Crisis,30,5,0.8975,0.8711,0.0264,Yes
PatchTST,2010_Euro_Debt_Crisis,30,5,-1.6194,0.8711,-2.4904,No
Mamba,2010_Euro_Debt_Crisis,30,5,0.8699,0.8711,-0.0012,No
SNN,2010_Euro_Debt_Crisis,30,5,0.8595,0.8711,-0.0116,No
Bi-RNN,2010_Euro_Debt_Crisis,30,5,0.8736,0.8711,0.0026,Yes
Bi-GRU,2010_Euro_Debt_Crisis,30,5,0.8749,0.8711,0.0038,Yes
Bi-LSTM,2010_Euro_Debt_Crisis,30,5,0.872,0.8711,0.0009,Yes
PatchTST,2010_Euro_Debt_Crisis,30,5,0.5973,0.8711,-0.2737,No
Mamba,2010_Euro_Debt_Crisis,30,5,0.876,0.8711,0.005,Yes
SNN,2010_Euro_Debt_Crisis,30,5,0.7352,0.8711,-0.1359,No
Bi-RNN,2010_Euro_Debt_Crisis,30,10,0.8263,0.7696,0.0567,Yes
Bi-GRU,2010_Euro_Debt_Crisis,30,10,0.8322,0.7696,0.0626,Yes
Bi-LSTM,2010_Euro_Debt_Crisis,30,10,0.7475,0.7696,-0.0221,No
PatchTST,2010_Euro_Debt_Crisis,30,10,-0.606,0.7696,-1.3756,No
Mamba,2010_Euro_Debt_Crisis,30,10,0.7995,0.7696,0.0299,Yes
SNN,2010_Euro_Debt_Crisis,30,10,0.7523,0.7696,-0.0173,No
Bi-RNN,2010_Euro_Debt_Crisis,30,10,0.7681,0.7696,-0.0015,No
Bi-GRU,2010_Euro_Debt_Crisis,30,10,0.7524,0.7696,-0.0172,No
Bi-LSTM,2010_Euro_Debt_Crisis,30,10,0.7462,0.7696,-0.0234,No
PatchTST,2010_Euro_Debt_Crisis,30,10,0.6742,0.7696,-0.0954,No
Mamba,2010_Euro_Debt_Crisis,30,10,0.7617,0.7696,-0.0079,No
SNN,2010_Euro_Debt_Crisis,30,10,0.6699,0.7696,-0.0997,No
Bi-RNN,2010_Euro_Debt_Crisis,60,1,0.9418,0.975,-0.0332,No
Bi-GRU,2010_Euro_Debt_Crisis,60,1,0.9673,0.975,-0.0076,No
Bi-LSTM,2010_Euro_Debt_Crisis,60,1,0.9742,0.975,-0.0008,No
PatchTST,2010_Euro_Debt_Crisis,60,1,-0.9066,0.975,-1.8816,No
Mamba,2010_Euro_Debt_Crisis,60,1,0.9668,0.975,-0.0082,No
SNN,2010_Euro_Debt_Crisis,60,1,0.8472,0.975,-0.1278,No
Bi-RNN,2010_Euro_Debt_Crisis,60,1,0.9747,0.975,-0.0003,No
Bi-GRU,2010_Euro_Debt_Crisis,60,1,0.9744,0.975,-0.0006,No
Bi-LSTM,2010_Euro_Debt_Crisis,60,1,0.972,0.975,-0.003,No
PatchTST,2010_Euro_Debt_Crisis,60,1,0.8831,0.975,-0.0919,No
Mamba,2010_Euro_Debt_Crisis,60,1,0.9674,0.975,-0.0076,No
SNN,2010_Euro_Debt_Crisis,60,1,0.7097,0.975,-0.2653,No
Bi-RNN,2010_Euro_Debt_Crisis,60,5,0.8854,0.8786,0.0069,Yes
Bi-GRU,2010_Euro_Debt_Crisis,60,5,0.826,0.8786,-0.0526,No
Bi-LSTM,2010_Euro_Debt_Crisis,60,5,0.8738,0.8786,-0.0048,No
PatchTST,2010_Euro_Debt_Crisis,60,5,-0.5849,0.8786,-1.4635,No
Mamba,2010_Euro_Debt_Crisis,60,5,0.8778,0.8786,-0.0007,No
SNN,2010_Euro_Debt_Crisis,60,5,0.7414,0.8786,-0.1371,No
Bi-RNN,2010_Euro_Debt_Crisis,60,5,0.8737,0.8786,-0.0049,No
Bi-GRU,2010_Euro_Debt_Crisis,60,5,0.8774,0.8786,-0.0012,No
Bi-LSTM,2010_Euro_Debt_Crisis,60,5,0.8655,0.8786,-0.013,No
PatchTST,2010_Euro_Debt_Crisis,60,5,0.7981,0.8786,-0.0805,No
Mamba,2010_Euro_Debt_Crisis,60,5,0.8691,0.8786,-0.0095,No
SNN,2010_Euro_Debt_Crisis,60,5,0.7187,0.8786,-0.1599,No
Bi-RNN,2010_Euro_Debt_Crisis,60,10,0.8295,0.7837,0.0457,Yes
Bi-GRU,2010_Euro_Debt_Crisis,60,10,0.8179,0.7837,0.0342,Yes
Bi-LSTM,2010_Euro_Debt_Crisis,60,10,0.8056,0.7837,0.0219,Yes
PatchTST,2010_Euro_Debt_Crisis,60,10,-0.568,0.7837,-1.3517,No
Mamba,2010_Euro_Debt_Crisis,60,10,0.8187,0.7837,0.0349,Yes
SNN,2010_Euro_Debt_Crisis,60,10,0.7011,0.7837,-0.0826,No
Bi-RNN,2010_Euro_Debt_Crisis,60,10,0.766,0.7837,-0.0178,No
Bi-GRU,2010_Euro_Debt_Crisis,60,10,0.7452,0.7837,-0.0385,No
Bi-LSTM,2010_Euro_Debt_Crisis,60,10,0.7186,0.7837,-0.0652,No
PatchTST,2010_Euro_Debt_Crisis,60,10,0.6848,0.7837,-0.0989,No
Mamba,2010_Euro_Debt_Crisis,60,10,0.7422,0.7837,-0.0415,No
SNN,2010_Euro_Debt_Crisis,60,10,0.6214,0.7837,-0.1624,No
Bi-RNN,2010_Euro_Debt_Crisis,90,1,0.9713,0.9749,-0.0036,No
Bi-GRU,2010_Euro_Debt_Crisis,90,1,0.9727,0.9749,-0.0022,No
Bi-LSTM,2010_Euro_Debt_Crisis,90,1,0.9654,0.9749,-0.0095,No
PatchTST,2010_Euro_Debt_Crisis,90,1,0.0957,0.9749,-0.8792,No
Mamba,2010_Euro_Debt_Crisis,90,1,0.9686,0.9749,-0.0063,No
SNN,2010_Euro_Debt_Crisis,90,1,0.755,0.9749,-0.2199,No
Bi-RNN,2010_Euro_Debt_Crisis,90,1,0.9734,0.9749,-0.0015,No
Bi-GRU,2010_Euro_Debt_Crisis,90,1,0.9737,0.9749,-0.0012,No
Bi-LSTM,2010_Euro_Debt_Crisis,90,1,0.9707,0.9749,-0.0042,No
PatchTST,2010_Euro_Debt_Crisis,90,1,0.8142,0.9749,-0.1607,No
Mamba,2010_Euro_Debt_Crisis,90,1,0.9726,0.9749,-0.0024,No
SNN,2010_Euro_Debt_Crisis,90,1,0.7285,0.9749,-0.2465,No
Bi-RNN,2010_Euro_Debt_Crisis,90,5,0.8885,0.8798,0.0086,Yes
Bi-GRU,2010_Euro_Debt_Crisis,90,5,0.8671,0.8798,-0.0127,No
Bi-LSTM,2010_Euro_Debt_Crisis,90,5,0.8896,0.8798,0.0098,Yes
PatchTST,2010_Euro_Debt_Crisis,90,5,-3.7933,0.8798,-4.6732,No
Mamba,2010_Euro_Debt_Crisis,90,5,0.8428,0.8798,-0.0371,No
SNN,2010_Euro_Debt_Crisis,90,5,0.706,0.8798,-0.1739,No
Bi-RNN,2010_Euro_Debt_Crisis,90,5,0.8767,0.8798,-0.0031,No
Bi-GRU,2010_Euro_Debt_Crisis,90,5,0.876,0.8798,-0.0039,No
Bi-LSTM,2010_Euro_Debt_Crisis,90,5,0.8654,0.8798,-0.0145,No
PatchTST,2010_Euro_Debt_Crisis,90,5,0.7555,0.8798,-0.1243,No
Mamba,2010_Euro_Debt_Crisis,90,5,0.8762,0.8798,-0.0036,No
SNN,2010_Euro_Debt_Crisis,90,5,0.6257,0.8798,-0.2541,No
Bi-RNN,2010_Euro_Debt_Crisis,90,10,0.8285,0.7841,0.0444,Yes
Bi-GRU,2010_Euro_Debt_Crisis,90,10,0.8328,0.7841,0.0487,Yes
Bi-LSTM,2010_Euro_Debt_Crisis,90,10,0.7919,0.7841,0.0078,Yes
PatchTST,2010_Euro_Debt_Crisis,90,10,0.3807,0.7841,-0.4034,No
Mamba,2010_Euro_Debt_Crisis,90,10,0.8015,0.7841,0.0174,Yes
SNN,2010_Euro_Debt_Crisis,90,10,0.5205,0.7841,-0.2635,No
Bi-RNN,2010_Euro_Debt_Crisis,90,10,0.7652,0.7841,-0.0189,No
Bi-GRU,2010_Euro_Debt_Crisis,90,10,0.7651,0.7841,-0.0189,No
Bi-LSTM,2010_Euro_Debt_Crisis,90,10,0.7398,0.7841,-0.0443,No
PatchTST,2010_Euro_Debt_Crisis,90,10,0.4364,0.7841,-0.3477,No
Mamba,2010_Euro_Debt_Crisis,90,10,0.7622,0.7841,-0.0219,No
SNN,2010_Euro_Debt_Crisis,90,10,0.5285,0.7841,-0.2556,No
Bi-RNN,2010_Euro_Debt_Crisis,120,1,0.9656,0.9753,-0.0097,No
Bi-GRU,2010_Euro_Debt_Crisis,120,1,0.9448,0.9753,-0.0305,No
Bi-LSTM,2010_Euro_Debt_Crisis,120,1,0.9603,0.9753,-0.015,No
PatchTST,2010_Euro_Debt_Crisis,120,1,0.6163,0.9753,-0.359,No
Mamba,2010_Euro_Debt_Crisis,120,1,0.9669,0.9753,-0.0084,No
SNN,2010_Euro_Debt_Crisis,120,1,-0.6001,0.9753,-1.5754,No
Bi-RNN,2010_Euro_Debt_Crisis,120,1,0.9695,0.9753,-0.0058,No
Bi-GRU,2010_Euro_Debt_Crisis,120,1,0.9727,0.9753,-0.0026,No
Bi-LSTM,2010_Euro_Debt_Crisis,120,1,0.9712,0.9753,-0.0041,No
PatchTST,2010_Euro_Debt_Crisis,120,1,0.8324,0.9753,-0.1429,No
Mamba,2010_Euro_Debt_Crisis,120,1,0.9733,0.9753,-0.002,No
SNN,2010_Euro_Debt_Crisis,120,1,0.5865,0.9753,-0.3888,No
Bi-RNN,2010_Euro_Debt_Crisis,120,5,0.8277,0.8814,-0.0537,No
Bi-GRU,2010_Euro_Debt_Crisis,120,5,0.8759,0.8814,-0.0056,No
Bi-LSTM,2010_Euro_Debt_Crisis,120,5,0.8653,0.8814,-0.0161,No
PatchTST,2010_Euro_Debt_Crisis,120,5,-1.2627,0.8814,-2.1441,No
Mamba,2010_Euro_Debt_Crisis,120,5,0.8829,0.8814,0.0015,Yes
SNN,2010_Euro_Debt_Crisis,120,5,0.6564,0.8814,-0.225,No
Bi-RNN,2010_Euro_Debt_Crisis,120,5,0.8772,0.8814,-0.0043,No
Bi-GRU,2010_Euro_Debt_Crisis,120,5,0.8762,0.8814,-0.0053,No
Bi-LSTM,2010_Euro_Debt_Crisis,120,5,0.8659,0.8814,-0.0155,No
PatchTST,2010_Euro_Debt_Crisis,120,5,0.7217,0.8814,-0.1598,No
Mamba,2010_Euro_Debt_Crisis,120,5,0.8747,0.8814,-0.0068,No
SNN,2010_Euro_Debt_Crisis,120,5,0.3301,0.8814,-0.5514,No
Bi-RNN,2010_Euro_Debt_Crisis,120,10,0.8337,0.7859,0.0479,Yes
Bi-GRU,2010_Euro_Debt_Crisis,120,10,0.8029,0.7859,0.017,Yes
Bi-LSTM,2010_Euro_Debt_Crisis,120,10,0.7983,0.7859,0.0124,Yes
PatchTST,2010_Euro_Debt_Crisis,120,10,-1.9761,0.7859,-2.7619,No
Mamba,2010_Euro_Debt_Crisis,120,10,0.8185,0.7859,0.0326,Yes
SNN,2010_Euro_Debt_Crisis,120,10,0.583,0.7859,-0.2029,No
Bi-RNN,2010_Euro_Debt_Crisis,120,10,0.7629,0.7859,-0.023,No
Bi-GRU,2010_Euro_Debt_Crisis,120,10,0.7626,0.7859,-0.0233,No
Bi-LSTM,2010_Euro_Debt_Crisis,120,10,0.7143,0.7859,-0.0715,No
PatchTST,2010_Euro_Debt_Crisis,120,10,0.3579,0.7859,-0.4279,No
Mamba,2010_Euro_Debt_Crisis,120,10,0.7504,0.7859,-0.0354,No
SNN,2010_Euro_Debt_Crisis,120,10,0.2263,0.7859,-0.5595,No
Bi-RNN,2010_Euro_Debt_Crisis,252,1,0.9283,0.976,-0.0477,No
Bi-GRU,2010_Euro_Debt_Crisis,252,1,0.9643,0.976,-0.0118,No
Bi-LSTM,2010_Euro_Debt_Crisis,252,1,0.9622,0.976,-0.0138,No
PatchTST,2010_Euro_Debt_Crisis,252,1,-2.3158,0.976,-3.2918,No
Mamba,2010_Euro_Debt_Crisis,252,1,0.9315,0.976,-0.0445,No
SNN,2010_Euro_Debt_Crisis,252,1,-1.2682,0.976,-2.2442,No
Bi-RNN,2010_Euro_Debt_Crisis,252,1,0.9726,0.976,-0.0034,No
Bi-GRU,2010_Euro_Debt_Crisis,252,1,0.9698,0.976,-0.0062,No
Bi-LSTM,2010_Euro_Debt_Crisis,252,1,0.9686,0.976,-0.0074,No
PatchTST,2010_Euro_Debt_Crisis,252,1,-0.0725,0.976,-1.0485,No
Mamba,2010_Euro_Debt_Crisis,252,1,0.9717,0.976,-0.0044,No
SNN,2010_Euro_Debt_Crisis,252,1,0.1742,0.976,-0.8018,No
Bi-RNN,2010_Euro_Debt_Crisis,252,5,0.8804,0.8839,-0.0035,No
Bi-GRU,2010_Euro_Debt_Crisis,252,5,-1.0793,0.8839,-1.9632,No
Bi-LSTM,2010_Euro_Debt_Crisis,252,5,0.8385,0.8839,-0.0454,No
PatchTST,2010_Euro_Debt_Crisis,252,5,-0.8613,0.8839,-1.7452,No
Mamba,2010_Euro_Debt_Crisis,252,5,0.8684,0.8839,-0.0155,No
SNN,2010_Euro_Debt_Crisis,252,5,-0.1066,0.8839,-0.9905,No
Bi-RNN,2010_Euro_Debt_Crisis,252,5,0.8656,0.8839,-0.0183,No
Bi-GRU,2010_Euro_Debt_Crisis,252,5,0.8581,0.8839,-0.0258,No
Bi-LSTM,2010_Euro_Debt_Crisis,252,5,0.8307,0.8839,-0.0532,No
PatchTST,2010_Euro_Debt_Crisis,252,5,0.1746,0.8839,-0.7093,No
Mamba,2010_Euro_Debt_Crisis,252,5,0.7974,0.8839,-0.0865,No
SNN,2010_Euro_Debt_Crisis,252,5,0.0485,0.8839,-0.8354,No
Bi-RNN,2010_Euro_Debt_Crisis,252,10,0.8326,0.7894,0.0432,Yes
Bi-GRU,2010_Euro_Debt_Crisis,252,10,-0.7144,0.7894,-1.5037,No
Bi-LSTM,2010_Euro_Debt_Crisis,252,10,0.807,0.7894,0.0176,Yes
PatchTST,2010_Euro_Debt_Crisis,252,10,-1.7327,0.7894,-2.522,No
Mamba,2010_Euro_Debt_Crisis,252,10,0.7891,0.7894,-0.0002,No
SNN,2010_Euro_Debt_Crisis,252,10,-0.3544,0.7894,-1.1437,No
Bi-RNN,2010_Euro_Debt_Crisis,252,10,0.767,0.7894,-0.0224,No
Bi-GRU,2010_Euro_Debt_Crisis,252,10,0.7486,0.7894,-0.0408,No
Bi-LSTM,2010_Euro_Debt_Crisis,252,10,0.7432,0.7894,-0.0461,No
PatchTST,2010_Euro_Debt_Crisis,252,10,-0.3259,0.7894,-1.1152,No
Mamba,2010_Euro_Debt_Crisis,252,10,0.7091,0.7894,-0.0803,No
SNN,2010_Euro_Debt_Crisis,252,10,-0.6612,0.7894,-1.4505,No
Bi-RNN,2015_China_Crash,30,1,0.8367,0.9393,-0.1026,No
Bi-GRU,2015_China_Crash,30,1,0.808,0.9393,-0.1313,No
Bi-LSTM,2015_China_Crash,30,1,0.8455,0.9393,-0.0938,No
PatchTST,2015_China_Crash,30,1,-3.4323,0.9393,-4.3716,No
Mamba,2015_China_Crash,30,1,0.907,0.9393,-0.0323,No
SNN,2015_China_Crash,30,1,0.777,0.9393,-0.1623,No
Bi-RNN,2015_China_Crash,30,1,0.9766,0.9393,0.0373,Yes
Bi-GRU,2015_China_Crash,30,1,0.9775,0.9393,0.0382,Yes
Bi-LSTM,2015_China_Crash,30,1,0.9773,0.9393,0.038,Yes
PatchTST,2015_China_Crash,30,1,0.8944,0.9393,-0.0449,No
Mamba,2015_China_Crash,30,1,0.9769,0.9393,0.0376,Yes
SNN,2015_China_Crash,30,1,0.8972,0.9393,-0.0421,No
Bi-RNN,2015_China_Crash,30,5,0.5997,0.6911,-0.0914,No
Bi-GRU,2015_China_Crash,30,5,0.5615,0.6911,-0.1296,No
Bi-LSTM,2015_China_Crash,30,5,0.5682,0.6911,-0.1229,No
PatchTST,2015_China_Crash,30,5,-8.1591,0.6911,-8.8502,No
Mamba,2015_China_Crash,30,5,0.5673,0.6911,-0.1238,No
SNN,2015_China_Crash,30,5,0.3652,0.6911,-0.3259,No
Bi-RNN,2015_China_Crash,30,5,0.8905,0.6911,0.1994,Yes
Bi-GRU,2015_China_Crash,30,5,0.8971,0.6911,0.206,Yes
Bi-LSTM,2015_China_Crash,30,5,0.8916,0.6911,0.2005,Yes
PatchTST,2015_China_Crash,30,5,0.7875,0.6911,0.0964,Yes
Mamba,2015_China_Crash,30,5,0.8645,0.6911,0.1734,Yes
SNN,2015_China_Crash,30,5,0.7788,0.6911,0.0877,Yes
Bi-RNN,2015_China_Crash,30,10,0.4135,0.4662,-0.0528,No
Bi-GRU,2015_China_Crash,30,10,0.2899,0.4662,-0.1764,No
Bi-LSTM,2015_China_Crash,30,10,0.0711,0.4662,-0.3951,No
PatchTST,2015_China_Crash,30,10,-0.2522,0.4662,-0.7184,No
Mamba,2015_China_Crash,30,10,-0.0316,0.4662,-0.4978,No
SNN,2015_China_Crash,30,10,-0.0942,0.4662,-0.5604,No
Bi-RNN,2015_China_Crash,30,10,0.7247,0.4662,0.2585,Yes
Bi-GRU,2015_China_Crash,30,10,0.7719,0.4662,0.3057,Yes
Bi-LSTM,2015_China_Crash,30,10,0.7092,0.4662,0.243,Yes
PatchTST,2015_China_Crash,30,10,0.5286,0.4662,0.0624,Yes
Mamba,2015_China_Crash,30,10,0.7412,0.4662,0.275,Yes
SNN,2015_China_Crash,30,10,0.6335,0.4662,0.1673,Yes
Bi-RNN,2015_China_Crash,60,1,0.8279,0.9453,-0.1173,No
Bi-GRU,2015_China_Crash,60,1,0.8784,0.9453,-0.0669,No
Bi-LSTM,2015_China_Crash,60,1,0.7732,0.9453,-0.1721,No
PatchTST,2015_China_Crash,60,1,-0.0637,0.9453,-1.009,No
Mamba,2015_China_Crash,60,1,0.8973,0.9453,-0.048,No
SNN,2015_China_Crash,60,1,0.5929,0.9453,-0.3523,No
Bi-RNN,2015_China_Crash,60,1,0.9757,0.9453,0.0304,Yes
Bi-GRU,2015_China_Crash,60,1,0.9775,0.9453,0.0323,Yes
Bi-LSTM,2015_China_Crash,60,1,0.9771,0.9453,0.0318,Yes
PatchTST,2015_China_Crash,60,1,0.8442,0.9453,-0.1011,No
Mamba,2015_China_Crash,60,1,0.9782,0.9453,0.0329,Yes
SNN,2015_China_Crash,60,1,0.7099,0.9453,-0.2354,No
Bi-RNN,2015_China_Crash,60,5,0.5396,0.7355,-0.1959,No
Bi-GRU,2015_China_Crash,60,5,0.6092,0.7355,-0.1264,No
Bi-LSTM,2015_China_Crash,60,5,0.5446,0.7355,-0.191,No
PatchTST,2015_China_Crash,60,5,-3.3535,0.7355,-4.0891,No
Mamba,2015_China_Crash,60,5,0.5692,0.7355,-0.1664,No
SNN,2015_China_Crash,60,5,0.1325,0.7355,-0.603,No
Bi-RNN,2015_China_Crash,60,5,0.8932,0.7355,0.1576,Yes
Bi-GRU,2015_China_Crash,60,5,0.8841,0.7355,0.1485,Yes
Bi-LSTM,2015_China_Crash,60,5,0.8888,0.7355,0.1533,Yes
PatchTST,2015_China_Crash,60,5,0.6321,0.7355,-0.1034,No
Mamba,2015_China_Crash,60,5,0.8804,0.7355,0.1448,Yes
SNN,2015_China_Crash,60,5,0.5896,0.7355,-0.146,No
Bi-RNN,2015_China_Crash,60,10,0.3993,0.5332,-0.1339,No
Bi-GRU,2015_China_Crash,60,10,0.2492,0.5332,-0.2841,No
Bi-LSTM,2015_China_Crash,60,10,0.2147,0.5332,-0.3186,No
PatchTST,2015_China_Crash,60,10,-0.368,0.5332,-0.9012,No
Mamba,2015_China_Crash,60,10,0.0581,0.5332,-0.4752,No
SNN,2015_China_Crash,60,10,-0.0123,0.5332,-0.5455,No
Bi-RNN,2015_China_Crash,60,10,0.7212,0.5332,0.188,Yes
Bi-GRU,2015_China_Crash,60,10,0.7093,0.5332,0.1761,Yes
Bi-LSTM,2015_China_Crash,60,10,0.7483,0.5332,0.2151,Yes
PatchTST,2015_China_Crash,60,10,0.3776,0.5332,-0.1556,No
Mamba,2015_China_Crash,60,10,0.7001,0.5332,0.1669,Yes
SNN,2015_China_Crash,60,10,0.5152,0.5332,-0.0181,No
Bi-RNN,2015_China_Crash,90,1,0.813,0.9456,-0.1326,No
Bi-GRU,2015_China_Crash,90,1,0.8696,0.9456,-0.076,No
Bi-LSTM,2015_China_Crash,90,1,0.8424,0.9456,-0.1031,No
PatchTST,2015_China_Crash,90,1,0.3962,0.9456,-0.5493,No
Mamba,2015_China_Crash,90,1,0.9033,0.9456,-0.0422,No
SNN,2015_China_Crash,90,1,0.0992,0.9456,-0.8464,No
Bi-RNN,2015_China_Crash,90,1,0.9759,0.9456,0.0304,Yes
Bi-GRU,2015_China_Crash,90,1,0.9783,0.9456,0.0327,Yes
Bi-LSTM,2015_China_Crash,90,1,0.979,0.9456,0.0334,Yes
PatchTST,2015_China_Crash,90,1,0.8136,0.9456,-0.132,No
Mamba,2015_China_Crash,90,1,0.9767,0.9456,0.0311,Yes
SNN,2015_China_Crash,90,1,0.6086,0.9456,-0.3369,No
Bi-RNN,2015_China_Crash,90,5,0.185,0.7445,-0.5595,No
Bi-GRU,2015_China_Crash,90,5,0.5777,0.7445,-0.1668,No
Bi-LSTM,2015_China_Crash,90,5,0.5467,0.7445,-0.1978,No
PatchTST,2015_China_Crash,90,5,-0.9339,0.7445,-1.6784,No
Mamba,2015_China_Crash,90,5,0.5563,0.7445,-0.1882,No
SNN,2015_China_Crash,90,5,0.1048,0.7445,-0.6397,No
Bi-RNN,2015_China_Crash,90,5,0.8782,0.7445,0.1337,Yes
Bi-GRU,2015_China_Crash,90,5,0.8878,0.7445,0.1433,Yes
Bi-LSTM,2015_China_Crash,90,5,0.8853,0.7445,0.1408,Yes
PatchTST,2015_China_Crash,90,5,0.3869,0.7445,-0.3576,No
Mamba,2015_China_Crash,90,5,0.8823,0.7445,0.1378,Yes
SNN,2015_China_Crash,90,5,0.498,0.7445,-0.2465,No
Bi-RNN,2015_China_Crash,90,10,0.3917,0.5434,-0.1517,No
Bi-GRU,2015_China_Crash,90,10,0.1995,0.5434,-0.344,No
Bi-LSTM,2015_China_Crash,90,10,0.2664,0.5434,-0.2771,No
PatchTST,2015_China_Crash,90,10,-0.6847,0.5434,-1.2281,No
Mamba,2015_China_Crash,90,10,0.2215,0.5434,-0.322,No
SNN,2015_China_Crash,90,10,-0.2905,0.5434,-0.8339,No
Bi-RNN,2015_China_Crash,90,10,0.7146,0.5434,0.1712,Yes
Bi-GRU,2015_China_Crash,90,10,0.7133,0.5434,0.1699,Yes
Bi-LSTM,2015_China_Crash,90,10,0.7203,0.5434,0.1769,Yes
PatchTST,2015_China_Crash,90,10,0.3823,0.5434,-0.1611,No
Mamba,2015_China_Crash,90,10,0.6936,0.5434,0.1502,Yes
SNN,2015_China_Crash,90,10,0.4044,0.5434,-0.139,No
Bi-RNN,2015_China_Crash,120,1,0.8474,0.9471,-0.0998,No
Bi-GRU,2015_China_Crash,120,1,0.867,0.9471,-0.0802,No
Bi-LSTM,2015_China_Crash,120,1,0.8226,0.9471,-0.1245,No
PatchTST,2015_China_Crash,120,1,-2.9486,0.9471,-3.8957,No
Mamba,2015_China_Crash,120,1,0.9002,0.9471,-0.0469,No
SNN,2015_China_Crash,120,1,-0.6858,0.9471,-1.6329,No
Bi-RNN,2015_China_Crash,120,1,0.9679,0.9471,0.0208,Yes
Bi-GRU,2015_China_Crash,120,1,0.9779,0.9471,0.0308,Yes
Bi-LSTM,2015_China_Crash,120,1,0.979,0.9471,0.0319,Yes
PatchTST,2015_China_Crash,120,1,0.8956,0.9471,-0.0515,No
Mamba,2015_China_Crash,120,1,0.9762,0.9471,0.029,Yes
SNN,2015_China_Crash,120,1,0.6777,0.9471,-0.2695,No
Bi-RNN,2015_China_Crash,120,5,0.6135,0.7555,-0.142,No
Bi-GRU,2015_China_Crash,120,5,0.5056,0.7555,-0.2499,No
Bi-LSTM,2015_China_Crash,120,5,0.5775,0.7555,-0.1781,No
PatchTST,2015_China_Crash,120,5,-0.2301,0.7555,-0.9856,No
Mamba,2015_China_Crash,120,5,0.5529,0.7555,-0.2026,No
SNN,2015_China_Crash,120,5,-0.3506,0.7555,-1.1061,No
Bi-RNN,2015_China_Crash,120,5,0.8802,0.7555,0.1247,Yes
Bi-GRU,2015_China_Crash,120,5,0.8913,0.7555,0.1358,Yes
Bi-LSTM,2015_China_Crash,120,5,0.8928,0.7555,0.1373,Yes
PatchTST,2015_China_Crash,120,5,0.7773,0.7555,0.0218,Yes
Mamba,2015_China_Crash,120,5,0.8816,0.7555,0.1261,Yes
SNN,2015_China_Crash,120,5,0.5679,0.7555,-0.1876,No
Bi-RNN,2015_China_Crash,120,10,0.4026,0.5592,-0.1566,No
Bi-GRU,2015_China_Crash,120,10,0.183,0.5592,-0.3762,No
Bi-LSTM,2015_China_Crash,120,10,0.2642,0.5592,-0.295,No
PatchTST,2015_China_Crash,120,10,-2.3465,0.5592,-2.9056,No
Mamba,2015_China_Crash,120,10,0.0627,0.5592,-0.4965,No
SNN,2015_China_Crash,120,10,-0.1836,0.5592,-0.7428,No
Bi-RNN,2015_China_Crash,120,10,0.6921,0.5592,0.1329,Yes
Bi-GRU,2015_China_Crash,120,10,0.7389,0.5592,0.1797,Yes
Bi-LSTM,2015_China_Crash,120,10,0.7205,0.5592,0.1613,Yes
PatchTST,2015_China_Crash,120,10,0.0329,0.5592,-0.5263,No
Mamba,2015_China_Crash,120,10,0.7165,0.5592,0.1574,Yes
SNN,2015_China_Crash,120,10,0.56,0.5592,0.0008,Yes
Bi-RNN,2015_China_Crash,252,1,0.8274,0.9479,-0.1205,No
Bi-GRU,2015_China_Crash,252,1,0.8838,0.9479,-0.0641,No
Bi-LSTM,2015_China_Crash,252,1,0.8363,0.9479,-0.1115,No
PatchTST,2015_China_Crash,252,1,-0.1279,0.9479,-1.0758,No
Mamba,2015_China_Crash,252,1,0.8907,0.9479,-0.0572,No
SNN,2015_China_Crash,252,1,-0.9929,0.9479,-1.9408,No
Bi-RNN,2015_China_Crash,252,1,0.9735,0.9479,0.0256,Yes
Bi-GRU,2015_China_Crash,252,1,0.9792,0.9479,0.0314,Yes
Bi-LSTM,2015_China_Crash,252,1,0.9767,0.9479,0.0288,Yes
PatchTST,2015_China_Crash,252,1,0.8276,0.9479,-0.1202,No
Mamba,2015_China_Crash,252,1,0.9779,0.9479,0.0301,Yes
SNN,2015_China_Crash,252,1,0.3828,0.9479,-0.5651,No
Bi-RNN,2015_China_Crash,252,5,0.445,0.7569,-0.3119,No
Bi-GRU,2015_China_Crash,252,5,0.6155,0.7569,-0.1414,No
Bi-LSTM,2015_China_Crash,252,5,0.5572,0.7569,-0.1997,No
PatchTST,2015_China_Crash,252,5,0.086,0.7569,-0.6709,No
Mamba,2015_China_Crash,252,5,0.5281,0.7569,-0.2288,No
SNN,2015_China_Crash,252,5,-0.2916,0.7569,-1.0485,No
Bi-RNN,2015_China_Crash,252,5,0.8501,0.7569,0.0932,Yes
Bi-GRU,2015_China_Crash,252,5,0.8516,0.7569,0.0947,Yes
Bi-LSTM,2015_China_Crash,252,5,0.8762,0.7569,0.1193,Yes
PatchTST,2015_China_Crash,252,5,0.6836,0.7569,-0.0733,No
Mamba,2015_China_Crash,252,5,0.8791,0.7569,0.1222,Yes
SNN,2015_China_Crash,252,5,0.7505,0.7569,-0.0065,No
Bi-RNN,2015_China_Crash,252,10,0.3625,0.5639,-0.2014,No
Bi-GRU,2015_China_Crash,252,10,0.2294,0.5639,-0.3345,No
Bi-LSTM,2015_China_Crash,252,10,0.1994,0.5639,-0.3645,No
PatchTST,2015_China_Crash,252,10,-0.3043,0.5639,-0.8682,No
Mamba,2015_China_Crash,252,10,0.093,0.5639,-0.4709,No
SNN,2015_China_Crash,252,10,0.1974,0.5639,-0.3665,No
Bi-RNN,2015_China_Crash,252,10,0.7003,0.5639,0.1363,Yes
Bi-GRU,2015_China_Crash,252,10,0.7156,0.5639,0.1516,Yes
Bi-LSTM,2015_China_Crash,252,10,0.613,0.5639,0.0491,Yes
PatchTST,2015_China_Crash,252,10,0.2431,0.5639,-0.3208,No
Mamba,2015_China_Crash,252,10,0.7296,0.5639,0.1657,Yes
SNN,2015_China_Crash,252,10,0.6658,0.5639,0.1019,Yes
Bi-RNN,2018_Trade_War,30,1,0.7725,0.9343,-0.1618,No
Bi-GRU,2018_Trade_War,30,1,0.7979,0.9343,-0.1364,No
Bi-LSTM,2018_Trade_War,30,1,0.573,0.9343,-0.3613,No
PatchTST,2018_Trade_War,30,1,-0.9635,0.9343,-1.8978,No
Mamba,2018_Trade_War,30,1,0.891,0.9343,-0.0433,No
SNN,2018_Trade_War,30,1,0.58,0.9343,-0.3543,No
Bi-RNN,2018_Trade_War,30,1,0.9487,0.9343,0.0144,Yes
Bi-GRU,2018_Trade_War,30,1,0.9685,0.9343,0.0342,Yes
Bi-LSTM,2018_Trade_War,30,1,0.9678,0.9343,0.0335,Yes
PatchTST,2018_Trade_War,30,1,0.853,0.9343,-0.0813,No
Mamba,2018_Trade_War,30,1,0.9668,0.9343,0.0325,Yes
SNN,2018_Trade_War,30,1,0.761,0.9343,-0.1733,No
Bi-RNN,2018_Trade_War,30,5,0.5189,0.7125,-0.1936,No
Bi-GRU,2018_Trade_War,30,5,0.549,0.7125,-0.1635,No
Bi-LSTM,2018_Trade_War,30,5,0.4372,0.7125,-0.2753,No
PatchTST,2018_Trade_War,30,5,-0.4942,0.7125,-1.2067,No
Mamba,2018_Trade_War,30,5,0.5061,0.7125,-0.2064,No
SNN,2018_Trade_War,30,5,0.0734,0.7125,-0.6391,No
Bi-RNN,2018_Trade_War,30,5,0.8589,0.7125,0.1464,Yes
Bi-GRU,2018_Trade_War,30,5,0.8614,0.7125,0.1489,Yes
Bi-LSTM,2018_Trade_War,30,5,0.8562,0.7125,0.1437,Yes
PatchTST,2018_Trade_War,30,5,0.7921,0.7125,0.0796,Yes
Mamba,2018_Trade_War,30,5,0.8558,0.7125,0.1433,Yes
SNN,2018_Trade_War,30,5,0.6338,0.7125,-0.0787,No
Bi-RNN,2018_Trade_War,30,10,0.2206,0.4655,-0.2449,No
Bi-GRU,2018_Trade_War,30,10,-0.1261,0.4655,-0.5916,No
Bi-LSTM,2018_Trade_War,30,10,0.006,0.4655,-0.4595,No
PatchTST,2018_Trade_War,30,10,-1.6935,0.4655,-2.159,No
Mamba,2018_Trade_War,30,10,0.2536,0.4655,-0.2119,No
SNN,2018_Trade_War,30,10,-1.3186,0.4655,-1.7841,No
Bi-RNN,2018_Trade_War,30,10,0.7607,0.4655,0.2952,Yes
Bi-GRU,2018_Trade_War,30,10,0.7842,0.4655,0.3188,Yes
Bi-LSTM,2018_Trade_War,30,10,0.6929,0.4655,0.2274,Yes
PatchTST,2018_Trade_War,30,10,0.7239,0.4655,0.2584,Yes
Mamba,2018_Trade_War,30,10,0.73,0.4655,0.2645,Yes
SNN,2018_Trade_War,30,10,0.5746,0.4655,0.1091,Yes
Bi-RNN,2018_Trade_War,60,1,0.7603,0.9408,-0.1805,No
Bi-GRU,2018_Trade_War,60,1,0.8226,0.9408,-0.1182,No
Bi-LSTM,2018_Trade_War,60,1,0.7382,0.9408,-0.2026,No
PatchTST,2018_Trade_War,60,1,-0.3346,0.9408,-1.2754,No
Mamba,2018_Trade_War,60,1,0.8982,0.9408,-0.0426,No
SNN,2018_Trade_War,60,1,0.4573,0.9408,-0.4835,No
Bi-RNN,2018_Trade_War,60,1,0.9559,0.9408,0.015,Yes
Bi-GRU,2018_Trade_War,60,1,0.9722,0.9408,0.0314,Yes
Bi-LSTM,2018_Trade_War,60,1,0.9651,0.9408,0.0243,Yes
PatchTST,2018_Trade_War,60,1,0.9191,0.9408,-0.0217,No
Mamba,2018_Trade_War,60,1,0.9681,0.9408,0.0272,Yes
SNN,2018_Trade_War,60,1,0.4669,0.9408,-0.4739,No
Bi-RNN,2018_Trade_War,60,5,0.5027,0.7095,-0.2068,No
Bi-GRU,2018_Trade_War,60,5,0.2857,0.7095,-0.4238,No
Bi-LSTM,2018_Trade_War,60,5,0.4175,0.7095,-0.292,No
PatchTST,2018_Trade_War,60,5,-0.1008,0.7095,-0.8103,No
Mamba,2018_Trade_War,60,5,0.5362,0.7095,-0.1733,No
SNN,2018_Trade_War,60,5,-0.6944,0.7095,-1.4039,No
Bi-RNN,2018_Trade_War,60,5,0.7887,0.7095,0.0792,Yes
Bi-GRU,2018_Trade_War,60,5,0.8601,0.7095,0.1506,Yes
Bi-LSTM,2018_Trade_War,60,5,0.8333,0.7095,0.1238,Yes
PatchTST,2018_Trade_War,60,5,0.7483,0.7095,0.0388,Yes
Mamba,2018_Trade_War,60,5,0.8421,0.7095,0.1326,Yes
SNN,2018_Trade_War,60,5,0.2551,0.7095,-0.4544,No
Bi-RNN,2018_Trade_War,60,10,0.2111,0.4708,-0.2598,No
Bi-GRU,2018_Trade_War,60,10,-0.1784,0.4708,-0.6492,No
Bi-LSTM,2018_Trade_War,60,10,-0.281,0.4708,-0.7518,No
PatchTST,2018_Trade_War,60,10,-0.7302,0.4708,-1.201,No
Mamba,2018_Trade_War,60,10,0.0377,0.4708,-0.4331,No
SNN,2018_Trade_War,60,10,-0.0551,0.4708,-0.526,No
Bi-RNN,2018_Trade_War,60,10,0.7494,0.4708,0.2785,Yes
Bi-GRU,2018_Trade_War,60,10,0.7847,0.4708,0.3138,Yes
Bi-LSTM,2018_Trade_War,60,10,0.7375,0.4708,0.2666,Yes
PatchTST,2018_Trade_War,60,10,0.5837,0.4708,0.1128,Yes
Mamba,2018_Trade_War,60,10,0.7515,0.4708,0.2807,Yes
SNN,2018_Trade_War,60,10,-0.0358,0.4708,-0.5066,No
Bi-RNN,2018_Trade_War,90,1,0.7417,0.9412,-0.1995,No
Bi-GRU,2018_Trade_War,90,1,0.7856,0.9412,-0.1556,No
Bi-LSTM,2018_Trade_War,90,1,0.7924,0.9412,-0.1487,No
PatchTST,2018_Trade_War,90,1,-1.0823,0.9412,-2.0235,No
Mamba,2018_Trade_War,90,1,0.8976,0.9412,-0.0436,No
SNN,2018_Trade_War,90,1,0.1485,0.9412,-0.7926,No
Bi-RNN,2018_Trade_War,90,1,0.9544,0.9412,0.0132,Yes
Bi-GRU,2018_Trade_War,90,1,0.9697,0.9412,0.0286,Yes
Bi-LSTM,2018_Trade_War,90,1,0.9624,0.9412,0.0212,Yes
PatchTST,2018_Trade_War,90,1,0.7371,0.9412,-0.2041,No
Mamba,2018_Trade_War,90,1,0.9716,0.9412,0.0304,Yes
SNN,2018_Trade_War,90,1,0.4272,0.9412,-0.514,No
Bi-RNN,2018_Trade_War,90,5,0.4332,0.7143,-0.2811,No
Bi-GRU,2018_Trade_War,90,5,0.3722,0.7143,-0.3421,No
Bi-LSTM,2018_Trade_War,90,5,0.3572,0.7143,-0.3571,No
PatchTST,2018_Trade_War,90,5,-1.0751,0.7143,-1.7894,No
Mamba,2018_Trade_War,90,5,0.4834,0.7143,-0.231,No
SNN,2018_Trade_War,90,5,0.1293,0.7143,-0.585,No
Bi-RNN,2018_Trade_War,90,5,0.8603,0.7143,0.146,Yes
Bi-GRU,2018_Trade_War,90,5,0.8517,0.7143,0.1374,Yes
Bi-LSTM,2018_Trade_War,90,5,0.8252,0.7143,0.1109,Yes
PatchTST,2018_Trade_War,90,5,0.7821,0.7143,0.0678,Yes
Mamba,2018_Trade_War,90,5,0.8067,0.7143,0.0924,Yes
SNN,2018_Trade_War,90,5,-0.0497,0.7143,-0.764,No
Bi-RNN,2018_Trade_War,90,10,0.2814,0.4802,-0.1989,No
Bi-GRU,2018_Trade_War,90,10,-0.1379,0.4802,-0.6181,No
Bi-LSTM,2018_Trade_War,90,10,-5.8144,0.4802,-6.2946,No
PatchTST,2018_Trade_War,90,10,-0.1516,0.4802,-0.6319,No
Mamba,2018_Trade_War,90,10,0.1353,0.4802,-0.3449,No
SNN,2018_Trade_War,90,10,-0.2701,0.4802,-0.7504,No
Bi-RNN,2018_Trade_War,90,10,0.7853,0.4802,0.3051,Yes
Bi-GRU,2018_Trade_War,90,10,0.7886,0.4802,0.3083,Yes
Bi-LSTM,2018_Trade_War,90,10,0.6771,0.4802,0.1968,Yes
PatchTST,2018_Trade_War,90,10,0.6959,0.4802,0.2156,Yes
Mamba,2018_Trade_War,90,10,0.7627,0.4802,0.2825,Yes
SNN,2018_Trade_War,90,10,-0.1536,0.4802,-0.6338,No
Bi-RNN,2018_Trade_War,120,1,0.7442,0.9413,-0.1971,No
Bi-GRU,2018_Trade_War,120,1,0.8081,0.9413,-0.1332,No
Bi-LSTM,2018_Trade_War,120,1,0.791,0.9413,-0.1503,No
PatchTST,2018_Trade_War,120,1,0.1538,0.9413,-0.7876,No
Mamba,2018_Trade_War,120,1,0.8,0.9413,-0.1413,No
SNN,2018_Trade_War,120,1,0.3337,0.9413,-0.6076,No
Bi-RNN,2018_Trade_War,120,1,0.9504,0.9413,0.0091,Yes
Bi-GRU,2018_Trade_War,120,1,0.9716,0.9413,0.0303,Yes
Bi-LSTM,2018_Trade_War,120,1,0.9688,0.9413,0.0274,Yes
PatchTST,2018_Trade_War,120,1,0.6959,0.9413,-0.2454,No
Mamba,2018_Trade_War,120,1,0.9714,0.9413,0.0301,Yes
SNN,2018_Trade_War,120,1,0.3526,0.9413,-0.5888,No
Bi-RNN,2018_Trade_War,120,5,0.4332,0.7193,-0.2861,No
Bi-GRU,2018_Trade_War,120,5,0.3689,0.7193,-0.3504,No
Bi-LSTM,2018_Trade_War,120,5,-0.001,0.7193,-0.7203,No
PatchTST,2018_Trade_War,120,5,-0.1184,0.7193,-0.8377,No
Mamba,2018_Trade_War,120,5,0.4379,0.7193,-0.2814,No
SNN,2018_Trade_War,120,5,0.0151,0.7193,-0.7042,No
Bi-RNN,2018_Trade_War,120,5,0.8579,0.7193,0.1385,Yes
Bi-GRU,2018_Trade_War,120,5,0.8637,0.7193,0.1444,Yes
Bi-LSTM,2018_Trade_War,120,5,0.8465,0.7193,0.1272,Yes
PatchTST,2018_Trade_War,120,5,0.8161,0.7193,0.0968,Yes
Mamba,2018_Trade_War,120,5,0.851,0.7193,0.1317,Yes
SNN,2018_Trade_War,120,5,0.0315,0.7193,-0.6878,No
Bi-RNN,2018_Trade_War,120,10,0.3244,0.4998,-0.1754,No
Bi-GRU,2018_Trade_War,120,10,0.0457,0.4998,-0.4541,No
Bi-LSTM,2018_Trade_War,120,10,-0.1317,0.4998,-0.6315,No
PatchTST,2018_Trade_War,120,10,-0.6538,0.4998,-1.1537,No
Mamba,2018_Trade_War,120,10,0.1318,0.4998,-0.3681,No
SNN,2018_Trade_War,120,10,-0.5634,0.4998,-1.0633,No
Bi-RNN,2018_Trade_War,120,10,0.7818,0.4998,0.2819,Yes
Bi-GRU,2018_Trade_War,120,10,0.7829,0.4998,0.283,Yes
Bi-LSTM,2018_Trade_War,120,10,0.7588,0.4998,0.2589,Yes
PatchTST,2018_Trade_War,120,10,0.4938,0.4998,-0.006,No
Mamba,2018_Trade_War,120,10,0.7561,0.4998,0.2562,Yes
SNN,2018_Trade_War,120,10,0.0057,0.4998,-0.4941,No
Bi-RNN,2018_Trade_War,252,1,0.7768,0.9432,-0.1664,No
Bi-GRU,2018_Trade_War,252,1,0.83,0.9432,-0.1132,No
Bi-LSTM,2018_Trade_War,252,1,0.7192,0.9432,-0.224,No
PatchTST,2018_Trade_War,252,1,0.0093,0.9432,-0.9339,No
Mamba,2018_Trade_War,252,1,0.885,0.9432,-0.0583,No
SNN,2018_Trade_War,252,1,0.407,0.9432,-0.5362,No
Bi-RNN,2018_Trade_War,252,1,0.9607,0.9432,0.0174,Yes
Bi-GRU,2018_Trade_War,252,1,0.9714,0.9432,0.0282,Yes
Bi-LSTM,2018_Trade_War,252,1,0.9648,0.9432,0.0215,Yes
PatchTST,2018_Trade_War,252,1,0.8755,0.9432,-0.0677,No
Mamba,2018_Trade_War,252,1,0.9606,0.9432,0.0174,Yes
SNN,2018_Trade_War,252,1,-0.0795,0.9432,-1.0227,No
Bi-RNN,2018_Trade_War,252,5,0.1775,0.7254,-0.5478,No
Bi-GRU,2018_Trade_War,252,5,0.4197,0.7254,-0.3056,No
Bi-LSTM,2018_Trade_War,252,5,0.2705,0.7254,-0.4549,No
PatchTST,2018_Trade_War,252,5,0.1041,0.7254,-0.6213,No
Mamba,2018_Trade_War,252,5,0.4881,0.7254,-0.2372,No
SNN,2018_Trade_War,252,5,0.3721,0.7254,-0.3533,No
Bi-RNN,2018_Trade_War,252,5,0.861,0.7254,0.1356,Yes
Bi-GRU,2018_Trade_War,252,5,0.8572,0.7254,0.1318,Yes
Bi-LSTM,2018_Trade_War,252,5,0.8416,0.7254,0.1162,Yes
PatchTST,2018_Trade_War,252,5,0.6871,0.7254,-0.0383,No
Mamba,2018_Trade_War,252,5,0.835,0.7254,0.1096,Yes
SNN,2018_Trade_War,252,5,-0.1808,0.7254,-0.9062,No
Bi-RNN,2018_Trade_War,252,10,0.2897,0.5096,-0.2199,No
Bi-GRU,2018_Trade_War,252,10,-0.2586,0.5096,-0.7682,No
Bi-LSTM,2018_Trade_War,252,10,-0.4581,0.5096,-0.9677,No
PatchTST,2018_Trade_War,252,10,-1.9939,0.5096,-2.5035,No
Mamba,2018_Trade_War,252,10,0.1764,0.5096,-0.3332,No
SNN,2018_Trade_War,252,10,-0.4701,0.5096,-0.9797,No
Bi-RNN,2018_Trade_War,252,10,0.7503,0.5096,0.2407,Yes
Bi-GRU,2018_Trade_War,252,10,0.7698,0.5096,0.2602,Yes
Bi-LSTM,2018_Trade_War,252,10,0.7576,0.5096,0.248,Yes
PatchTST,2018_Trade_War,252,10,0.6077,0.5096,0.0981,Yes
Mamba,2018_Trade_War,252,10,0.7294,0.5096,0.2198,Yes
SNN,2018_Trade_War,252,10,0.0378,0.5096,-0.4718,No
Bi-RNN,2020_COVID_Crash,30,1,0.6662,0.8869,-0.2206,No
Bi-GRU,2020_COVID_Crash,30,1,0.6734,0.8869,-0.2135,No
Bi-LSTM,2020_COVID_Crash,30,1,0.7059,0.8869,-0.1809,No
PatchTST,2020_COVID_Crash,30,1,-0.3534,0.8869,-1.2402,No
Mamba,2020_COVID_Crash,30,1,0.6417,0.8869,-0.2452,No
SNN,2020_COVID_Crash,30,1,0.0819,0.8869,-0.8049,No
Bi-RNN,2020_COVID_Crash,30,1,0.9076,0.8869,0.0208,Yes
Bi-GRU,2020_COVID_Crash,30,1,0.9104,0.8869,0.0235,Yes
Bi-LSTM,2020_COVID_Crash,30,1,0.9088,0.8869,0.022,Yes
PatchTST,2020_COVID_Crash,30,1,0.5254,0.8869,-0.3615,No
Mamba,2020_COVID_Crash,30,1,0.9034,0.8869,0.0165,Yes
SNN,2020_COVID_Crash,30,1,0.3603,0.8869,-0.5266,No
Bi-RNN,2020_COVID_Crash,30,5,0.5019,0.5371,-0.0352,No
Bi-GRU,2020_COVID_Crash,30,5,0.3833,0.5371,-0.1538,No
Bi-LSTM,2020_COVID_Crash,30,5,0.3324,0.5371,-0.2047,No
PatchTST,2020_COVID_Crash,30,5,-0.6769,0.5371,-1.214,No
Mamba,2020_COVID_Crash,30,5,0.3874,0.5371,-0.1498,No
SNN,2020_COVID_Crash,30,5,-0.0506,0.5371,-0.5877,No
Bi-RNN,2020_COVID_Crash,30,5,0.5933,0.5371,0.0561,Yes
Bi-GRU,2020_COVID_Crash,30,5,0.538,0.5371,0.0009,Yes
Bi-LSTM,2020_COVID_Crash,30,5,0.5502,0.5371,0.0131,Yes
PatchTST,2020_COVID_Crash,30,5,0.2332,0.5371,-0.304,No
Mamba,2020_COVID_Crash,30,5,0.5881,0.5371,0.0509,Yes
SNN,2020_COVID_Crash,30,5,0.2351,0.5371,-0.302,No
Bi-RNN,2020_COVID_Crash,30,10,-0.1356,0.1014,-0.237,No
Bi-GRU,2020_COVID_Crash,30,10,-0.2803,0.1014,-0.3817,No
Bi-LSTM,2020_COVID_Crash,30,10,-0.3303,0.1014,-0.4317,No
PatchTST,2020_COVID_Crash,30,10,-0.8587,0.1014,-0.9601,No
Mamba,2020_COVID_Crash,30,10,-0.4838,0.1014,-0.5852,No
SNN,2020_COVID_Crash,30,10,-0.6505,0.1014,-0.7519,No
Bi-RNN,2020_COVID_Crash,30,10,0.0038,0.1014,-0.0976,No
Bi-GRU,2020_COVID_Crash,30,10,-0.0819,0.1014,-0.1833,No
Bi-LSTM,2020_COVID_Crash,30,10,-0.0189,0.1014,-0.1203,No
PatchTST,2020_COVID_Crash,30,10,-0.5983,0.1014,-0.6997,No
Mamba,2020_COVID_Crash,30,10,-0.0754,0.1014,-0.1768,No
SNN,2020_COVID_Crash,30,10,-0.4111,0.1014,-0.5125,No
Bi-RNN,2020_COVID_Crash,60,1,0.8117,0.8962,-0.0844,No
Bi-GRU,2020_COVID_Crash,60,1,0.7627,0.8962,-0.1335,No
Bi-LSTM,2020_COVID_Crash,60,1,0.6282,0.8962,-0.268,No
PatchTST,2020_COVID_Crash,60,1,-0.4247,0.8962,-1.3208,No
Mamba,2020_COVID_Crash,60,1,0.6239,0.8962,-0.2722,No
SNN,2020_COVID_Crash,60,1,-0.0651,0.8962,-0.9612,No
Bi-RNN,2020_COVID_Crash,60,1,0.9066,0.8962,0.0104,Yes
Bi-GRU,2020_COVID_Crash,60,1,0.9023,0.8962,0.0061,Yes
Bi-LSTM,2020_COVID_Crash,60,1,0.9086,0.8962,0.0125,Yes
PatchTST,2020_COVID_Crash,60,1,0.6363,0.8962,-0.2599,No
Mamba,2020_COVID_Crash,60,1,0.9096,0.8962,0.0134,Yes
SNN,2020_COVID_Crash,60,1,-0.0572,0.8962,-0.9534,No
Bi-RNN,2020_COVID_Crash,60,5,0.5261,0.5889,-0.0628,No
Bi-GRU,2020_COVID_Crash,60,5,0.2414,0.5889,-0.3475,No
Bi-LSTM,2020_COVID_Crash,60,5,0.396,0.5889,-0.1929,No
PatchTST,2020_COVID_Crash,60,5,-1.4192,0.5889,-2.0081,No
Mamba,2020_COVID_Crash,60,5,0.4676,0.5889,-0.1212,No
SNN,2020_COVID_Crash,60,5,-0.3922,0.5889,-0.981,No
Bi-RNN,2020_COVID_Crash,60,5,0.5479,0.5889,-0.041,No
Bi-GRU,2020_COVID_Crash,60,5,0.5651,0.5889,-0.0237,No
Bi-LSTM,2020_COVID_Crash,60,5,0.5847,0.5889,-0.0042,No
PatchTST,2020_COVID_Crash,60,5,0.3382,0.5889,-0.2507,No
Mamba,2020_COVID_Crash,60,5,0.5623,0.5889,-0.0266,No
SNN,2020_COVID_Crash,60,5,-0.5443,0.5889,-1.1332,No
Bi-RNN,2020_COVID_Crash,60,10,-0.1196,0.1827,-0.3024,No
Bi-GRU,2020_COVID_Crash,60,10,-0.4125,0.1827,-0.5952,No
Bi-LSTM,2020_COVID_Crash,60,10,-0.3551,0.1827,-0.5378,No
PatchTST,2020_COVID_Crash,60,10,-1.081,0.1827,-1.2637,No
Mamba,2020_COVID_Crash,60,10,-1.8002,0.1827,-1.983,No
SNN,2020_COVID_Crash,60,10,-1.3379,0.1827,-1.5207,No
Bi-RNN,2020_COVID_Crash,60,10,-0.0679,0.1827,-0.2507,No
Bi-GRU,2020_COVID_Crash,60,10,-0.081,0.1827,-0.2638,No
Bi-LSTM,2020_COVID_Crash,60,10,-0.1733,0.1827,-0.356,No
PatchTST,2020_COVID_Crash,60,10,-0.3888,0.1827,-0.5715,No
Mamba,2020_COVID_Crash,60,10,-0.2531,0.1827,-0.4358,No
SNN,2020_COVID_Crash,60,10,-1.215,0.1827,-1.3977,No
Bi-RNN,2020_COVID_Crash,90,1,0.8136,0.8978,-0.0842,No
Bi-GRU,2020_COVID_Crash,90,1,0.7629,0.8978,-0.1349,No
Bi-LSTM,2020_COVID_Crash,90,1,0.7404,0.8978,-0.1574,No
PatchTST,2020_COVID_Crash,90,1,-0.0666,0.8978,-0.9644,No
Mamba,2020_COVID_Crash,90,1,0.7022,0.8978,-0.1956,No
SNN,2020_COVID_Crash,90,1,-0.3254,0.8978,-1.2232,No
Bi-RNN,2020_COVID_Crash,90,1,0.9054,0.8978,0.0076,Yes
Bi-GRU,2020_COVID_Crash,90,1,0.9116,0.8978,0.0139,Yes
Bi-LSTM,2020_COVID_Crash,90,1,0.9113,0.8978,0.0135,Yes
PatchTST,2020_COVID_Crash,90,1,0.4046,0.8978,-0.4932,No
Mamba,2020_COVID_Crash,90,1,0.9064,0.8978,0.0087,Yes
SNN,2020_COVID_Crash,90,1,-0.0597,0.8978,-0.9575,No
Bi-RNN,2020_COVID_Crash,90,5,0.5254,0.5677,-0.0423,No
Bi-GRU,2020_COVID_Crash,90,5,0.2495,0.5677,-0.3182,No
Bi-LSTM,2020_COVID_Crash,90,5,0.3418,0.5677,-0.2259,No
PatchTST,2020_COVID_Crash,90,5,-0.9685,0.5677,-1.5362,No
Mamba,2020_COVID_Crash,90,5,0.2832,0.5677,-0.2845,No
SNN,2020_COVID_Crash,90,5,-0.5631,0.5677,-1.1308,No
Bi-RNN,2020_COVID_Crash,90,5,0.5438,0.5677,-0.0238,No
Bi-GRU,2020_COVID_Crash,90,5,0.5776,0.5677,0.0099,Yes
Bi-LSTM,2020_COVID_Crash,90,5,0.5924,0.5677,0.0247,Yes
PatchTST,2020_COVID_Crash,90,5,-0.3415,0.5677,-0.9091,No
Mamba,2020_COVID_Crash,90,5,0.5623,0.5677,-0.0054,No
SNN,2020_COVID_Crash,90,5,-0.2039,0.5677,-0.7716,No
Bi-RNN,2020_COVID_Crash,90,10,-0.2762,0.1241,-0.4004,No
Bi-GRU,2020_COVID_Crash,90,10,-0.28,0.1241,-0.4042,No
Bi-LSTM,2020_COVID_Crash,90,10,-0.3031,0.1241,-0.4272,No
PatchTST,2020_COVID_Crash,90,10,-0.7581,0.1241,-0.8823,No
Mamba,2020_COVID_Crash,90,10,-0.1952,0.1241,-0.3194,No
SNN,2020_COVID_Crash,90,10,-1.0131,0.1241,-1.1373,No
Bi-RNN,2020_COVID_Crash,90,10,-0.0056,0.1241,-0.1297,No
Bi-GRU,2020_COVID_Crash,90,10,-0.0491,0.1241,-0.1732,No
Bi-LSTM,2020_COVID_Crash,90,10,-0.1637,0.1241,-0.2878,No
PatchTST,2020_COVID_Crash,90,10,-1.35,0.1241,-1.4742,No
Mamba,2020_COVID_Crash,90,10,-0.1337,0.1241,-0.2578,No
SNN,2020_COVID_Crash,90,10,-0.7503,0.1241,-0.8744,No
Bi-RNN,2020_COVID_Crash,120,1,0.7359,0.8994,-0.1635,No
Bi-GRU,2020_COVID_Crash,120,1,0.6528,0.8994,-0.2466,No
Bi-LSTM,2020_COVID_Crash,120,1,0.7444,0.8994,-0.155,No
PatchTST,2020_COVID_Crash,120,1,-0.1833,0.8994,-1.0827,No
Mamba,2020_COVID_Crash,120,1,0.7128,0.8994,-0.1865,No
SNN,2020_COVID_Crash,120,1,-0.2191,0.8994,-1.1185,No
Bi-RNN,2020_COVID_Crash,120,1,0.9021,0.8994,0.0027,Yes
Bi-GRU,2020_COVID_Crash,120,1,0.9116,0.8994,0.0122,Yes
Bi-LSTM,2020_COVID_Crash,120,1,0.912,0.8994,0.0126,Yes
PatchTST,2020_COVID_Crash,120,1,0.717,0.8994,-0.1824,No
Mamba,2020_COVID_Crash,120,1,0.91,0.8994,0.0106,Yes
SNN,2020_COVID_Crash,120,1,0.0412,0.8994,-0.8582,No
Bi-RNN,2020_COVID_Crash,120,5,0.5177,0.5994,-0.0817,No
Bi-GRU,2020_COVID_Crash,120,5,0.2996,0.5994,-0.2998,No
Bi-LSTM,2020_COVID_Crash,120,5,0.3872,0.5994,-0.2122,No
PatchTST,2020_COVID_Crash,120,5,-1.2566,0.5994,-1.856,No
Mamba,2020_COVID_Crash,120,5,0.4902,0.5994,-0.1092,No
SNN,2020_COVID_Crash,120,5,-0.1556,0.5994,-0.755,No
Bi-RNN,2020_COVID_Crash,120,5,0.5622,0.5994,-0.0372,No
Bi-GRU,2020_COVID_Crash,120,5,0.5554,0.5994,-0.044,No
Bi-LSTM,2020_COVID_Crash,120,5,0.5462,0.5994,-0.0531,No
PatchTST,2020_COVID_Crash,120,5,0.3245,0.5994,-0.2749,No
Mamba,2020_COVID_Crash,120,5,0.5815,0.5994,-0.0179,No
SNN,2020_COVID_Crash,120,5,-0.1385,0.5994,-0.7378,No
Bi-RNN,2020_COVID_Crash,120,10,-0.0347,0.1596,-0.1943,No
Bi-GRU,2020_COVID_Crash,120,10,-0.4366,0.1596,-0.5962,No
Bi-LSTM,2020_COVID_Crash,120,10,-0.3872,0.1596,-0.5468,No
PatchTST,2020_COVID_Crash,120,10,-1.2445,0.1596,-1.4041,No
Mamba,2020_COVID_Crash,120,10,-0.1918,0.1596,-0.3514,No
SNN,2020_COVID_Crash,120,10,-0.7384,0.1596,-0.898,No
Bi-RNN,2020_COVID_Crash,120,10,-0.1112,0.1596,-0.2708,No
Bi-GRU,2020_COVID_Crash,120,10,-0.1414,0.1596,-0.301,No
Bi-LSTM,2020_COVID_Crash,120,10,-0.1272,0.1596,-0.2868,No
PatchTST,2020_COVID_Crash,120,10,-0.2853,0.1596,-0.4449,No
Mamba,2020_COVID_Crash,120,10,-0.1239,0.1596,-0.2835,No
SNN,2020_COVID_Crash,120,10,-0.7159,0.1596,-0.8755,No
Bi-RNN,2020_COVID_Crash,252,1,0.792,0.9045,-0.1124,No
Bi-GRU,2020_COVID_Crash,252,1,0.7143,0.9045,-0.1902,No
Bi-LSTM,2020_COVID_Crash,252,1,0.4675,0.9045,-0.437,No
PatchTST,2020_COVID_Crash,252,1,-0.2995,0.9045,-1.204,No
Mamba,2020_COVID_Crash,252,1,0.7345,0.9045,-0.1699,No
SNN,2020_COVID_Crash,252,1,-0.0239,0.9045,-0.9284,No
Bi-RNN,2020_COVID_Crash,252,1,0.9011,0.9045,-0.0033,No
Bi-GRU,2020_COVID_Crash,252,1,0.9087,0.9045,0.0042,Yes
Bi-LSTM,2020_COVID_Crash,252,1,0.9134,0.9045,0.0089,Yes
PatchTST,2020_COVID_Crash,252,1,0.6455,0.9045,-0.259,No
Mamba,2020_COVID_Crash,252,1,0.9106,0.9045,0.0061,Yes
SNN,2020_COVID_Crash,252,1,0.18,0.9045,-0.7245,No
Bi-RNN,2020_COVID_Crash,252,5,0.4628,0.6038,-0.1411,No
Bi-GRU,2020_COVID_Crash,252,5,0.3399,0.6038,-0.264,No
Bi-LSTM,2020_COVID_Crash,252,5,0.2878,0.6038,-0.316,No
PatchTST,2020_COVID_Crash,252,5,0.0278,0.6038,-0.576,No
Mamba,2020_COVID_Crash,252,5,-0.0038,0.6038,-0.6076,No
SNN,2020_COVID_Crash,252,5,-0.2527,0.6038,-0.8565,No
Bi-RNN,2020_COVID_Crash,252,5,0.5466,0.6038,-0.0573,No
Bi-GRU,2020_COVID_Crash,252,5,0.5714,0.6038,-0.0324,No
Bi-LSTM,2020_COVID_Crash,252,5,0.5539,0.6038,-0.0499,No
PatchTST,2020_COVID_Crash,252,5,0.2616,0.6038,-0.3422,No
Mamba,2020_COVID_Crash,252,5,0.5677,0.6038,-0.0361,No
SNN,2020_COVID_Crash,252,5,-0.0072,0.6038,-0.611,No
Bi-RNN,2020_COVID_Crash,252,10,-0.1766,0.1669,-0.3434,No
Bi-GRU,2020_COVID_Crash,252,10,-0.4967,0.1669,-0.6636,No
Bi-LSTM,2020_COVID_Crash,252,10,-0.3425,0.1669,-0.5093,No
PatchTST,2020_COVID_Crash,252,10,-1.3794,0.1669,-1.5463,No
Mamba,2020_COVID_Crash,252,10,-0.9939,0.1669,-1.1608,No
SNN,2020_COVID_Crash,252,10,-1.4635,0.1669,-1.6304,No
Bi-RNN,2020_COVID_Crash,252,10,-0.2117,0.1669,-0.3786,No
Bi-GRU,2020_COVID_Crash,252,10,-0.0882,0.1669,-0.2551,No
Bi-LSTM,2020_COVID_Crash,252,10,-0.0909,0.1669,-0.2578,No
PatchTST,2020_COVID_Crash,252,10,-0.1805,0.1669,-0.3474,No
Mamba,2020_COVID_Crash,252,10,-0.1461,0.1669,-0.3129,No
SNN,2020_COVID_Crash,252,10,-0.3769,0.1669,-0.5438,No
Bi-RNN,2022_Rate_Hike,30,1,0.9077,0.9573,-0.0496,No
Bi-GRU,2022_Rate_Hike,30,1,0.8953,0.9573,-0.062,No
Bi-LSTM,2022_Rate_Hike,30,1,0.8128,0.9573,-0.1445,No
PatchTST,2022_Rate_Hike,30,1,-0.1156,0.9573,-1.0729,No
Mamba,2022_Rate_Hike,30,1,0.912,0.9573,-0.0453,No
SNN,2022_Rate_Hike,30,1,0.6129,0.9573,-0.3444,No
Bi-RNN,2022_Rate_Hike,30,1,0.9711,0.9573,0.0139,Yes
Bi-GRU,2022_Rate_Hike,30,1,0.9712,0.9573,0.0139,Yes
Bi-LSTM,2022_Rate_Hike,30,1,0.9654,0.9573,0.0081,Yes
PatchTST,2022_Rate_Hike,30,1,0.8427,0.9573,-0.1146,No
Mamba,2022_Rate_Hike,30,1,0.9684,0.9573,0.0111,Yes
SNN,2022_Rate_Hike,30,1,0.8762,0.9573,-0.081,No
Bi-RNN,2022_Rate_Hike,30,5,0.7602,0.8126,-0.0523,No
Bi-GRU,2022_Rate_Hike,30,5,0.569,0.8126,-0.2436,No
Bi-LSTM,2022_Rate_Hike,30,5,0.6441,0.8126,-0.1685,No
PatchTST,2022_Rate_Hike,30,5,-0.2876,0.8126,-1.1002,No
Mamba,2022_Rate_Hike,30,5,0.7605,0.8126,-0.052,No
SNN,2022_Rate_Hike,30,5,0.3243,0.8126,-0.4882,No
Bi-RNN,2022_Rate_Hike,30,5,0.8572,0.8126,0.0446,Yes
Bi-GRU,2022_Rate_Hike,30,5,0.8543,0.8126,0.0417,Yes
Bi-LSTM,2022_Rate_Hike,30,5,0.8548,0.8126,0.0423,Yes
PatchTST,2022_Rate_Hike,30,5,0.7381,0.8126,-0.0744,No
Mamba,2022_Rate_Hike,30,5,0.8585,0.8126,0.046,Yes
SNN,2022_Rate_Hike,30,5,0.7476,0.8126,-0.065,No
Bi-RNN,2022_Rate_Hike,30,10,0.5843,0.627,-0.0427,No
Bi-GRU,2022_Rate_Hike,30,10,0.3078,0.627,-0.3192,No
Bi-LSTM,2022_Rate_Hike,30,10,-0.1144,0.627,-0.7414,No
PatchTST,2022_Rate_Hike,30,10,-0.6317,0.627,-1.2587,No
Mamba,2022_Rate_Hike,30,10,0.3556,0.627,-0.2714,No
SNN,2022_Rate_Hike,30,10,0.408,0.627,-0.219,No
Bi-RNN,2022_Rate_Hike,30,10,0.6792,0.627,0.0522,Yes
Bi-GRU,2022_Rate_Hike,30,10,0.7033,0.627,0.0763,Yes
Bi-LSTM,2022_Rate_Hike,30,10,0.6541,0.627,0.0272,Yes
PatchTST,2022_Rate_Hike,30,10,0.565,0.627,-0.062,No
Mamba,2022_Rate_Hike,30,10,0.7067,0.627,0.0797,Yes
SNN,2022_Rate_Hike,30,10,0.5615,0.627,-0.0655,No
Bi-RNN,2022_Rate_Hike,60,1,0.8416,0.9583,-0.1167,No
Bi-GRU,2022_Rate_Hike,60,1,0.8714,0.9583,-0.0868,No
Bi-LSTM,2022_Rate_Hike,60,1,0.7556,0.9583,-0.2027,No
PatchTST,2022_Rate_Hike,60,1,-0.4143,0.9583,-1.3726,No
Mamba,2022_Rate_Hike,60,1,0.8595,0.9583,-0.0988,No
SNN,2022_Rate_Hike,60,1,0.4775,0.9583,-0.4808,No
Bi-RNN,2022_Rate_Hike,60,1,0.971,0.9583,0.0127,Yes
Bi-GRU,2022_Rate_Hike,60,1,0.9705,0.9583,0.0122,Yes
Bi-LSTM,2022_Rate_Hike,60,1,0.9684,0.9583,0.0101,Yes
PatchTST,2022_Rate_Hike,60,1,0.8857,0.9583,-0.0725,No
Mamba,2022_Rate_Hike,60,1,0.9699,0.9583,0.0116,Yes
SNN,2022_Rate_Hike,60,1,0.7925,0.9583,-0.1658,No
Bi-RNN,2022_Rate_Hike,60,5,0.7774,0.8165,-0.0392,No
Bi-GRU,2022_Rate_Hike,60,5,0.6879,0.8165,-0.1286,No
Bi-LSTM,2022_Rate_Hike,60,5,0.3721,0.8165,-0.4445,No
PatchTST,2022_Rate_Hike,60,5,-1.3269,0.8165,-2.1434,No
Mamba,2022_Rate_Hike,60,5,0.7686,0.8165,-0.0479,No
SNN,2022_Rate_Hike,60,5,0.4406,0.8165,-0.3759,No
Bi-RNN,2022_Rate_Hike,60,5,0.8595,0.8165,0.043,Yes
Bi-GRU,2022_Rate_Hike,60,5,0.857,0.8165,0.0405,Yes
Bi-LSTM,2022_Rate_Hike,60,5,0.8523,0.8165,0.0358,Yes
PatchTST,2022_Rate_Hike,60,5,0.735,0.8165,-0.0815,No
Mamba,2022_Rate_Hike,60,5,0.8588,0.8165,0.0423,Yes
SNN,2022_Rate_Hike,60,5,0.6647,0.8165,-0.1519,No
Bi-RNN,2022_Rate_Hike,60,10,0.5321,0.6488,-0.1167,No
Bi-GRU,2022_Rate_Hike,60,10,0.172,0.6488,-0.4768,No
Bi-LSTM,2022_Rate_Hike,60,10,0.3228,0.6488,-0.326,No
PatchTST,2022_Rate_Hike,60,10,-1.8588,0.6488,-2.5076,No
Mamba,2022_Rate_Hike,60,10,0.5374,0.6488,-0.1114,No
SNN,2022_Rate_Hike,60,10,0.0132,0.6488,-0.6356,No
Bi-RNN,2022_Rate_Hike,60,10,0.7161,0.6488,0.0673,Yes
Bi-GRU,2022_Rate_Hike,60,10,0.7119,0.6488,0.0631,Yes
Bi-LSTM,2022_Rate_Hike,60,10,0.6764,0.6488,0.0276,Yes
PatchTST,2022_Rate_Hike,60,10,0.5514,0.6488,-0.0974,No
Mamba,2022_Rate_Hike,60,10,0.7124,0.6488,0.0635,Yes
SNN,2022_Rate_Hike,60,10,0.5681,0.6488,-0.0807,No
Bi-RNN,2022_Rate_Hike,90,1,0.8846,0.9605,-0.0759,No
Bi-GRU,2022_Rate_Hike,90,1,0.8137,0.9605,-0.1468,No
Bi-LSTM,2022_Rate_Hike,90,1,0.8496,0.9605,-0.1109,No
PatchTST,2022_Rate_Hike,90,1,-1.6032,0.9605,-2.5637,No
Mamba,2022_Rate_Hike,90,1,0.9289,0.9605,-0.0316,No
SNN,2022_Rate_Hike,90,1,0.5162,0.9605,-0.4443,No
Bi-RNN,2022_Rate_Hike,90,1,0.9705,0.9605,0.01,Yes
Bi-GRU,2022_Rate_Hike,90,1,0.9673,0.9605,0.0069,Yes
Bi-LSTM,2022_Rate_Hike,90,1,0.9689,0.9605,0.0084,Yes
PatchTST,2022_Rate_Hike,90,1,0.7411,0.9605,-0.2194,No
Mamba,2022_Rate_Hike,90,1,0.9689,0.9605,0.0084,Yes
SNN,2022_Rate_Hike,90,1,0.7156,0.9605,-0.2449,No
Bi-RNN,2022_Rate_Hike,90,5,0.7613,0.8219,-0.0606,No
Bi-GRU,2022_Rate_Hike,90,5,0.7279,0.8219,-0.094,No
Bi-LSTM,2022_Rate_Hike,90,5,0.6562,0.8219,-0.1657,No
PatchTST,2022_Rate_Hike,90,5,-2.1369,0.8219,-2.9589,No
Mamba,2022_Rate_Hike,90,5,0.7537,0.8219,-0.0682,No
SNN,2022_Rate_Hike,90,5,-0.448,0.8219,-1.2699,No
Bi-RNN,2022_Rate_Hike,90,5,0.8597,0.8219,0.0378,Yes
Bi-GRU,2022_Rate_Hike,90,5,0.8554,0.8219,0.0334,Yes
Bi-LSTM,2022_Rate_Hike,90,5,0.8451,0.8219,0.0232,Yes
PatchTST,2022_Rate_Hike,90,5,0.6964,0.8219,-0.1256,No
Mamba,2022_Rate_Hike,90,5,0.8523,0.8219,0.0303,Yes
SNN,2022_Rate_Hike,90,5,0.6024,0.8219,-0.2195,No
Bi-RNN,2022_Rate_Hike,90,10,0.3635,0.6535,-0.2901,No
Bi-GRU,2022_Rate_Hike,90,10,0.2616,0.6535,-0.3919,No
Bi-LSTM,2022_Rate_Hike,90,10,0.5968,0.6535,-0.0567,No
PatchTST,2022_Rate_Hike,90,10,-1.9504,0.6535,-2.6039,No
Mamba,2022_Rate_Hike,90,10,0.5517,0.6535,-0.1018,No
SNN,2022_Rate_Hike,90,10,0.4738,0.6535,-0.1797,No
Bi-RNN,2022_Rate_Hike,90,10,0.6954,0.6535,0.0419,Yes
Bi-GRU,2022_Rate_Hike,90,10,0.7029,0.6535,0.0494,Yes
Bi-LSTM,2022_Rate_Hike,90,10,0.6899,0.6535,0.0364,Yes
PatchTST,2022_Rate_Hike,90,10,0.5565,0.6535,-0.0971,No
Mamba,2022_Rate_Hike,90,10,0.6909,0.6535,0.0374,Yes
SNN,2022_Rate_Hike,90,10,0.3632,0.6535,-0.2903,No
Bi-RNN,2022_Rate_Hike,120,1,0.8952,0.9609,-0.0657,No
Bi-GRU,2022_Rate_Hike,120,1,0.8266,0.9609,-0.1343,No
Bi-LSTM,2022_Rate_Hike,120,1,0.6691,0.9609,-0.2919,No
PatchTST,2022_Rate_Hike,120,1,-1.7579,0.9609,-2.7188,No
Mamba,2022_Rate_Hike,120,1,0.9186,0.9609,-0.0423,No
SNN,2022_Rate_Hike,120,1,0.2635,0.9609,-0.6974,No
Bi-RNN,2022_Rate_Hike,120,1,0.9689,0.9609,0.008,Yes
Bi-GRU,2022_Rate_Hike,120,1,0.9684,0.9609,0.0075,Yes
Bi-LSTM,2022_Rate_Hike,120,1,0.9674,0.9609,0.0065,Yes
PatchTST,2022_Rate_Hike,120,1,0.8183,0.9609,-0.1426,No
Mamba,2022_Rate_Hike,120,1,0.9673,0.9609,0.0064,Yes
SNN,2022_Rate_Hike,120,1,0.6872,0.9609,-0.2737,No
Bi-RNN,2022_Rate_Hike,120,5,0.7627,0.8219,-0.0592,No
Bi-GRU,2022_Rate_Hike,120,5,0.5053,0.8219,-0.3166,No
Bi-LSTM,2022_Rate_Hike,120,5,0.6927,0.8219,-0.1292,No
PatchTST,2022_Rate_Hike,120,5,-1.7877,0.8219,-2.6097,No
Mamba,2022_Rate_Hike,120,5,0.769,0.8219,-0.0529,No
SNN,2022_Rate_Hike,120,5,0.6464,0.8219,-0.1755,No
Bi-RNN,2022_Rate_Hike,120,5,0.8567,0.8219,0.0348,Yes
Bi-GRU,2022_Rate_Hike,120,5,0.8475,0.8219,0.0256,Yes
Bi-LSTM,2022_Rate_Hike,120,5,0.846,0.8219,0.0241,Yes
PatchTST,2022_Rate_Hike,120,5,0.8091,0.8219,-0.0128,No
Mamba,2022_Rate_Hike,120,5,0.8578,0.8219,0.0359,Yes
SNN,2022_Rate_Hike,120,5,0.6339,0.8219,-0.188,No
Bi-RNN,2022_Rate_Hike,120,10,0.2455,0.6566,-0.4111,No
Bi-GRU,2022_Rate_Hike,120,10,0.1209,0.6566,-0.5357,No
Bi-LSTM,2022_Rate_Hike,120,10,-0.391,0.6566,-1.0475,No
PatchTST,2022_Rate_Hike,120,10,-3.1158,0.6566,-3.7724,No
Mamba,2022_Rate_Hike,120,10,0.5756,0.6566,-0.081,No
SNN,2022_Rate_Hike,120,10,0.169,0.6566,-0.4876,No
Bi-RNN,2022_Rate_Hike,120,10,0.701,0.6566,0.0444,Yes
Bi-GRU,2022_Rate_Hike,120,10,0.6973,0.6566,0.0407,Yes
Bi-LSTM,2022_Rate_Hike,120,10,0.6704,0.6566,0.0138,Yes
PatchTST,2022_Rate_Hike,120,10,0.5817,0.6566,-0.0749,No
Mamba,2022_Rate_Hike,120,10,0.6963,0.6566,0.0398,Yes
SNN,2022_Rate_Hike,120,10,0.5421,0.6566,-0.1145,No
Bi-RNN,2022_Rate_Hike,252,1,0.9098,0.962,-0.0522,No
Bi-GRU,2022_Rate_Hike,252,1,0.8881,0.962,-0.074,No
Bi-LSTM,2022_Rate_Hike,252,1,0.7264,0.962,-0.2357,No
PatchTST,2022_Rate_Hike,252,1,-2.2232,0.962,-3.1852,No
Mamba,2022_Rate_Hike,252,1,0.9017,0.962,-0.0603,No
SNN,2022_Rate_Hike,252,1,-0.1892,0.962,-1.1512,No
Bi-RNN,2022_Rate_Hike,252,1,0.9669,0.962,0.0048,Yes
Bi-GRU,2022_Rate_Hike,252,1,0.9689,0.962,0.0069,Yes
Bi-LSTM,2022_Rate_Hike,252,1,0.9681,0.962,0.0061,Yes
PatchTST,2022_Rate_Hike,252,1,0.7355,0.962,-0.2265,No
Mamba,2022_Rate_Hike,252,1,0.9696,0.962,0.0075,Yes
SNN,2022_Rate_Hike,252,1,0.6533,0.962,-0.3088,No
Bi-RNN,2022_Rate_Hike,252,5,-0.1865,0.8245,-1.0109,No
Bi-GRU,2022_Rate_Hike,252,5,0.5812,0.8245,-0.2433,No
Bi-LSTM,2022_Rate_Hike,252,5,0.581,0.8245,-0.2434,No
PatchTST,2022_Rate_Hike,252,5,-2.399,0.8245,-3.2235,No
Mamba,2022_Rate_Hike,252,5,0.7447,0.8245,-0.0798,No
SNN,2022_Rate_Hike,252,5,0.1961,0.8245,-0.6284,No
Bi-RNN,2022_Rate_Hike,252,5,0.859,0.8245,0.0345,Yes
Bi-GRU,2022_Rate_Hike,252,5,0.8588,0.8245,0.0343,Yes
Bi-LSTM,2022_Rate_Hike,252,5,0.8588,0.8245,0.0343,Yes
PatchTST,2022_Rate_Hike,252,5,0.6633,0.8245,-0.1612,No
Mamba,2022_Rate_Hike,252,5,0.8507,0.8245,0.0262,Yes
SNN,2022_Rate_Hike,252,5,0.6253,0.8245,-0.1992,No
Bi-RNN,2022_Rate_Hike,252,10,0.6222,0.6643,-0.042,No
Bi-GRU,2022_Rate_Hike,252,10,-0.1094,0.6643,-0.7737,No
Bi-LSTM,2022_Rate_Hike,252,10,0.5265,0.6643,-0.1377,No
PatchTST,2022_Rate_Hike,252,10,-6.5108,0.6643,-7.1751,No
Mamba,2022_Rate_Hike,252,10,0.4543,0.6643,-0.2099,No
SNN,2022_Rate_Hike,252,10,-0.1464,0.6643,-0.8107,No
Bi-RNN,2022_Rate_Hike,252,10,0.7038,0.6643,0.0395,Yes
Bi-GRU,2022_Rate_Hike,252,10,0.6969,0.6643,0.0327,Yes
Bi-LSTM,2022_Rate_Hike,252,10,0.6725,0.6643,0.0082,Yes
PatchTST,2022_Rate_Hike,252,10,0.5158,0.6643,-0.1485,No
Mamba,2022_Rate_Hike,252,10,0.7277,0.6643,0.0634,Yes
SNN,2022_Rate_Hike,252,10,0.6068,0.6643,-0.0575,No
Bi-RNN,2023_AI_Wave,30,1,0.8793,0.9677,-0.0884,No
Bi-GRU,2023_AI_Wave,30,1,0.9522,0.9677,-0.0156,No
Bi-LSTM,2023_AI_Wave,30,1,0.891,0.9677,-0.0767,No
PatchTST,2023_AI_Wave,30,1,0.7947,0.9677,-0.1731,No
Mamba,2023_AI_Wave,30,1,0.9302,0.9677,-0.0375,No
SNN,2023_AI_Wave,30,1,-0.6056,0.9677,-1.5733,No
Bi-RNN,2023_AI_Wave,30,1,0.9664,0.9677,-0.0013,No
Bi-GRU,2023_AI_Wave,30,1,0.967,0.9677,-0.0008,No
Bi-LSTM,2023_AI_Wave,30,1,0.9661,0.9677,-0.0016,No
PatchTST,2023_AI_Wave,30,1,0.8331,0.9677,-0.1346,No
Mamba,2023_AI_Wave,30,1,0.9643,0.9677,-0.0034,No
SNN,2023_AI_Wave,30,1,0.8723,0.9677,-0.0954,No
Bi-RNN,2023_AI_Wave,30,5,0.7954,0.8565,-0.061,No
Bi-GRU,2023_AI_Wave,30,5,0.84,0.8565,-0.0164,No
Bi-LSTM,2023_AI_Wave,30,5,0.7749,0.8565,-0.0816,No
PatchTST,2023_AI_Wave,30,5,0.405,0.8565,-0.4515,No
Mamba,2023_AI_Wave,30,5,0.8392,0.8565,-0.0173,No
SNN,2023_AI_Wave,30,5,-1.7926,0.8565,-2.6491,No
Bi-RNN,2023_AI_Wave,30,5,0.8426,0.8565,-0.0138,No
Bi-GRU,2023_AI_Wave,30,5,0.8572,0.8565,0.0007,Yes
Bi-LSTM,2023_AI_Wave,30,5,0.8502,0.8565,-0.0063,No
PatchTST,2023_AI_Wave,30,5,0.7551,0.8565,-0.1014,No
Mamba,2023_AI_Wave,30,5,0.8593,0.8565,0.0028,Yes
SNN,2023_AI_Wave,30,5,0.7514,0.8565,-0.1051,No
Bi-RNN,2023_AI_Wave,30,10,0.5332,0.7113,-0.1781,No
Bi-GRU,2023_AI_Wave,30,10,0.6491,0.7113,-0.0622,No
Bi-LSTM,2023_AI_Wave,30,10,-0.0919,0.7113,-0.8032,No
PatchTST,2023_AI_Wave,30,10,0.2113,0.7113,-0.5,No
Mamba,2023_AI_Wave,30,10,0.6374,0.7113,-0.0739,No
SNN,2023_AI_Wave,30,10,-2.1582,0.7113,-2.8695,No
Bi-RNN,2023_AI_Wave,30,10,0.6933,0.7113,-0.018,No
Bi-GRU,2023_AI_Wave,30,10,0.6582,0.7113,-0.0531,No
Bi-LSTM,2023_AI_Wave,30,10,0.7005,0.7113,-0.0108,No
PatchTST,2023_AI_Wave,30,10,0.5786,0.7113,-0.1327,No
Mamba,2023_AI_Wave,30,10,0.7075,0.7113,-0.0038,No
SNN,2023_AI_Wave,30,10,0.4394,0.7113,-0.2719,No
Bi-RNN,2023_AI_Wave,60,1,0.8777,0.9704,-0.0926,No
Bi-GRU,2023_AI_Wave,60,1,0.9477,0.9704,-0.0227,No
Bi-LSTM,2023_AI_Wave,60,1,0.6506,0.9704,-0.3197,No
PatchTST,2023_AI_Wave,60,1,-0.6092,0.9704,-1.5796,No
Mamba,2023_AI_Wave,60,1,0.9522,0.9704,-0.0182,No
SNN,2023_AI_Wave,60,1,-3.1843,0.9704,-4.1547,No
Bi-RNN,2023_AI_Wave,60,1,0.9642,0.9704,-0.0062,No
Bi-GRU,2023_AI_Wave,60,1,0.9659,0.9704,-0.0044,No
Bi-LSTM,2023_AI_Wave,60,1,0.967,0.9704,-0.0034,No
PatchTST,2023_AI_Wave,60,1,0.8915,0.9704,-0.0789,No
Mamba,2023_AI_Wave,60,1,0.9673,0.9704,-0.0031,No
SNN,2023_AI_Wave,60,1,0.5973,0.9704,-0.3731,No
Bi-RNN,2023_AI_Wave,60,5,0.8414,0.8549,-0.0136,No
Bi-GRU,2023_AI_Wave,60,5,0.816,0.8549,-0.0389,No
Bi-LSTM,2023_AI_Wave,60,5,0.2058,0.8549,-0.6491,No
PatchTST,2023_AI_Wave,60,5,0.6784,0.8549,-0.1765,No
Mamba,2023_AI_Wave,60,5,0.8501,0.8549,-0.0048,No
SNN,2023_AI_Wave,60,5,-2.2881,0.8549,-3.143,No
Bi-RNN,2023_AI_Wave,60,5,0.8454,0.8549,-0.0095,No
Bi-GRU,2023_AI_Wave,60,5,0.8457,0.8549,-0.0092,No
Bi-LSTM,2023_AI_Wave,60,5,0.858,0.8549,0.0031,Yes
PatchTST,2023_AI_Wave,60,5,0.7882,0.8549,-0.0667,No
Mamba,2023_AI_Wave,60,5,0.8364,0.8549,-0.0185,No
SNN,2023_AI_Wave,60,5,0.4056,0.8549,-0.4494,No
Bi-RNN,2023_AI_Wave,60,10,0.6191,0.7147,-0.0955,No
Bi-GRU,2023_AI_Wave,60,10,0.7091,0.7147,-0.0056,No
Bi-LSTM,2023_AI_Wave,60,10,-0.7381,0.7147,-1.4528,No
PatchTST,2023_AI_Wave,60,10,0.6054,0.7147,-0.1093,No
Mamba,2023_AI_Wave,60,10,0.582,0.7147,-0.1327,No
SNN,2023_AI_Wave,60,10,-1.7138,0.7147,-2.4285,No
Bi-RNN,2023_AI_Wave,60,10,0.6772,0.7147,-0.0375,No
Bi-GRU,2023_AI_Wave,60,10,0.703,0.7147,-0.0117,No
Bi-LSTM,2023_AI_Wave,60,10,0.6794,0.7147,-0.0352,No
PatchTST,2023_AI_Wave,60,10,0.6301,0.7147,-0.0846,No
Mamba,2023_AI_Wave,60,10,0.7396,0.7147,0.0249,Yes
SNN,2023_AI_Wave,60,10,0.3109,0.7147,-0.4037,No
Bi-RNN,2023_AI_Wave,90,1,0.7342,0.9708,-0.2366,No
Bi-GRU,2023_AI_Wave,90,1,0.9539,0.9708,-0.0168,No
Bi-LSTM,2023_AI_Wave,90,1,0.9104,0.9708,-0.0603,No
PatchTST,2023_AI_Wave,90,1,0.6536,0.9708,-0.3171,No
Mamba,2023_AI_Wave,90,1,0.9688,0.9708,-0.002,No
SNN,2023_AI_Wave,90,1,-5.3697,0.9708,-6.3405,No
Bi-RNN,2023_AI_Wave,90,1,0.9657,0.9708,-0.0051,No
Bi-GRU,2023_AI_Wave,90,1,0.9666,0.9708,-0.0041,No
Bi-LSTM,2023_AI_Wave,90,1,0.9656,0.9708,-0.0052,No
PatchTST,2023_AI_Wave,90,1,0.7141,0.9708,-0.2567,No
Mamba,2023_AI_Wave,90,1,0.9674,0.9708,-0.0033,No
SNN,2023_AI_Wave,90,1,0.3356,0.9708,-0.6352,No
Bi-RNN,2023_AI_Wave,90,5,0.8001,0.8574,-0.0573,No
Bi-GRU,2023_AI_Wave,90,5,0.8371,0.8574,-0.0203,No
Bi-LSTM,2023_AI_Wave,90,5,0.33,0.8574,-0.5274,No
PatchTST,2023_AI_Wave,90,5,-0.4247,0.8574,-1.2821,No
Mamba,2023_AI_Wave,90,5,0.8259,0.8574,-0.0315,No
SNN,2023_AI_Wave,90,5,-0.9147,0.8574,-1.7721,No
Bi-RNN,2023_AI_Wave,90,5,0.8476,0.8574,-0.0098,No
Bi-GRU,2023_AI_Wave,90,5,0.8521,0.8574,-0.0053,No
Bi-LSTM,2023_AI_Wave,90,5,0.8372,0.8574,-0.0202,No
PatchTST,2023_AI_Wave,90,5,0.7353,0.8574,-0.1221,No
Mamba,2023_AI_Wave,90,5,0.8426,0.8574,-0.0148,No
SNN,2023_AI_Wave,90,5,0.2089,0.8574,-0.6485,No
Bi-RNN,2023_AI_Wave,90,10,0.693,0.7176,-0.0246,No
Bi-GRU,2023_AI_Wave,90,10,0.6517,0.7176,-0.0659,No
Bi-LSTM,2023_AI_Wave,90,10,-0.7657,0.7176,-1.4833,No
PatchTST,2023_AI_Wave,90,10,0.4801,0.7176,-0.2375,No
Mamba,2023_AI_Wave,90,10,0.6689,0.7176,-0.0487,No
SNN,2023_AI_Wave,90,10,-0.888,0.7176,-1.6056,No
Bi-RNN,2023_AI_Wave,90,10,0.674,0.7176,-0.0436,No
Bi-GRU,2023_AI_Wave,90,10,0.6867,0.7176,-0.0309,No
Bi-LSTM,2023_AI_Wave,90,10,0.7291,0.7176,0.0115,Yes
PatchTST,2023_AI_Wave,90,10,0.4773,0.7176,-0.2402,No
Mamba,2023_AI_Wave,90,10,0.7226,0.7176,0.005,Yes
SNN,2023_AI_Wave,90,10,-0.0406,0.7176,-0.7582,No
Bi-RNN,2023_AI_Wave,120,1,0.9278,0.9709,-0.0431,No
Bi-GRU,2023_AI_Wave,120,1,0.9437,0.9709,-0.0272,No
Bi-LSTM,2023_AI_Wave,120,1,0.9537,0.9709,-0.0172,No
PatchTST,2023_AI_Wave,120,1,0.766,0.9709,-0.2049,No
Mamba,2023_AI_Wave,120,1,0.9585,0.9709,-0.0124,No
SNN,2023_AI_Wave,120,1,-0.2717,0.9709,-1.2426,No
Bi-RNN,2023_AI_Wave,120,1,0.9656,0.9709,-0.0053,No
Bi-GRU,2023_AI_Wave,120,1,0.9667,0.9709,-0.0041,No
Bi-LSTM,2023_AI_Wave,120,1,0.967,0.9709,-0.0039,No
PatchTST,2023_AI_Wave,120,1,0.8585,0.9709,-0.1124,No
Mamba,2023_AI_Wave,120,1,0.9678,0.9709,-0.0031,No
SNN,2023_AI_Wave,120,1,-0.0596,0.9709,-1.0305,No
Bi-RNN,2023_AI_Wave,120,5,0.7815,0.8609,-0.0793,No
Bi-GRU,2023_AI_Wave,120,5,0.8337,0.8609,-0.0271,No
Bi-LSTM,2023_AI_Wave,120,5,0.6908,0.8609,-0.1701,No
PatchTST,2023_AI_Wave,120,5,0.3791,0.8609,-0.4818,No
Mamba,2023_AI_Wave,120,5,0.8364,0.8609,-0.0245,No
SNN,2023_AI_Wave,120,5,-0.572,0.8609,-1.4328,No
Bi-RNN,2023_AI_Wave,120,5,0.8459,0.8609,-0.015,No
Bi-GRU,2023_AI_Wave,120,5,0.8562,0.8609,-0.0047,No
Bi-LSTM,2023_AI_Wave,120,5,0.8552,0.8609,-0.0057,No
PatchTST,2023_AI_Wave,120,5,0.6502,0.8609,-0.2106,No
Mamba,2023_AI_Wave,120,5,0.8591,0.8609,-0.0018,No
SNN,2023_AI_Wave,120,5,-0.1027,0.8609,-0.9635,No
Bi-RNN,2023_AI_Wave,120,10,0.393,0.7208,-0.3278,No
Bi-GRU,2023_AI_Wave,120,10,0.7111,0.7208,-0.0097,No
Bi-LSTM,2023_AI_Wave,120,10,0.1689,0.7208,-0.5519,No
PatchTST,2023_AI_Wave,120,10,0.5571,0.7208,-0.1637,No
Mamba,2023_AI_Wave,120,10,0.7086,0.7208,-0.0121,No
SNN,2023_AI_Wave,120,10,0.1381,0.7208,-0.5827,No
Bi-RNN,2023_AI_Wave,120,10,0.753,0.7208,0.0322,Yes
Bi-GRU,2023_AI_Wave,120,10,0.7288,0.7208,0.008,Yes
Bi-LSTM,2023_AI_Wave,120,10,0.7217,0.7208,0.0009,Yes
PatchTST,2023_AI_Wave,120,10,0.1376,0.7208,-0.5832,No
Mamba,2023_AI_Wave,120,10,0.7627,0.7208,0.0419,Yes
SNN,2023_AI_Wave,120,10,-0.0856,0.7208,-0.8063,No
Bi-RNN,2023_AI_Wave,252,1,0.9303,0.9716,-0.0412,No
Bi-GRU,2023_AI_Wave,252,1,0.9501,0.9716,-0.0215,No
Bi-LSTM,2023_AI_Wave,252,1,0.9039,0.9716,-0.0677,No
PatchTST,2023_AI_Wave,252,1,0.2837,0.9716,-0.6878,No
Mamba,2023_AI_Wave,252,1,0.9707,0.9716,-0.0009,No
SNN,2023_AI_Wave,252,1,0.4283,0.9716,-0.5432,No
Bi-RNN,2023_AI_Wave,252,1,0.967,0.9716,-0.0046,No
Bi-GRU,2023_AI_Wave,252,1,0.9663,0.9716,-0.0052,No
Bi-LSTM,2023_AI_Wave,252,1,0.9661,0.9716,-0.0054,No
PatchTST,2023_AI_Wave,252,1,0.5989,0.9716,-0.3727,No
Mamba,2023_AI_Wave,252,1,0.9681,0.9716,-0.0035,No
SNN,2023_AI_Wave,252,1,-0.2544,0.9716,-1.226,No
Bi-RNN,2023_AI_Wave,252,5,0.7198,0.8631,-0.1433,No
Bi-GRU,2023_AI_Wave,252,5,0.8425,0.8631,-0.0206,No
Bi-LSTM,2023_AI_Wave,252,5,0.7996,0.8631,-0.0635,No
PatchTST,2023_AI_Wave,252,5,-1.1339,0.8631,-1.9969,No
Mamba,2023_AI_Wave,252,5,0.8119,0.8631,-0.0512,No
SNN,2023_AI_Wave,252,5,-0.0941,0.8631,-0.9572,No
Bi-RNN,2023_AI_Wave,252,5,0.8547,0.8631,-0.0084,No
Bi-GRU,2023_AI_Wave,252,5,0.8559,0.8631,-0.0072,No
Bi-LSTM,2023_AI_Wave,252,5,0.8567,0.8631,-0.0063,No
PatchTST,2023_AI_Wave,252,5,-1.8776,0.8631,-2.7407,No
Mamba,2023_AI_Wave,252,5,0.8584,0.8631,-0.0047,No
SNN,2023_AI_Wave,252,5,-0.3247,0.8631,-1.1878,No
Bi-RNN,2023_AI_Wave,252,10,0.5234,0.7274,-0.2041,No
Bi-GRU,2023_AI_Wave,252,10,0.6103,0.7274,-0.1171,No
Bi-LSTM,2023_AI_Wave,252,10,0.0859,0.7274,-0.6415,No
PatchTST,2023_AI_Wave,252,10,-0.1026,0.7274,-0.8301,No
Mamba,2023_AI_Wave,252,10,0.6798,0.7274,-0.0476,No
SNN,2023_AI_Wave,252,10,-3.3504,0.7274,-4.0778,No
Bi-RNN,2023_AI_Wave,252,10,0.7472,0.7274,0.0198,Yes
Bi-GRU,2023_AI_Wave,252,10,0.7583,0.7274,0.0308,Yes
Bi-LSTM,2023_AI_Wave,252,10,0.7141,0.7274,-0.0134,No
PatchTST,2023_AI_Wave,252,10,0.0749,0.7274,-0.6525,No
Mamba,2023_AI_Wave,252,10,0.7576,0.7274,0.0302,Yes
SNN,2023_AI_Wave,252,10,-0.353,0.7274,-1.0805,No
